id,title_ru,source_open_item_ids,point_ids,room_ids,plan_extent_mm,problem_ru,recommendation_ru,alternative_ru,client_decision_ru,depends_on_ru,changes,evidence,pdf_ru,plan_annotations,candidate_regions,decision_status,client_approved,selected_option,recommended_option_id,source_open_items_closed,issue_status,engineering_approval,shared_assembly_ids,alternative_changes,depends_on_decision_ids
P85-D-01,Вход: один понятный блок управления,"[""P84-E-OPEN-005""]","[""P65-SW-01"",""P65-SW-00"",""P65-SW-15""]","[""P73-LOUNGE"",""P26-A-HALL""]","[6100,-2450,2700,2900]",SW01 стоит всего в 90 мм от D01. SW00 рядом; SW15 также может оказаться за полотном при парковке D01 на 180°. Простое перемещение SW01 по северной стене не решает вопрос открывания.,"Объединить функции SW01, SW00 и SW15 в одном явно обозначенном блоке P85-CB-ENTRY на глухой восточной стене лаунджа: X 8400, Y −1000. Центр блока h 1100 мм — сохранённая примерка. Приход/местный свет и «весь свет выключить» должны оставаться различимыми командами; число механизмов подбирается отдельно.","Оставить отдельные органы на северной стене только после выбора стороны петель, предела открывания D01 и рамок; текущее расположение не считается проверенным.",Выбрать перенос трёх функций в единый восточный блок или сохранить северное расположение с отдельной доработкой двери.,"Реальные рамки/коробки, дверная фурнитура, климатическое исполнение лаунджа, глубина стены. Это согласование места и функций, не выбор аппаратуры.","[{""point_id"":""P65-SW-01"",""source_xy_mm"":[7550,0],""source_height_mm"":1100,""source_marker_xy_mm"":null,""proposed_xy_mm"":[8400,-1000],""proposed_height_mm"":1100,""height_reference"":""ROOM_FFL_TO_BLOCK_CENTRE"",""height_status"":""EXISTING_TRIAL_RETAINED_NOT_INSTALLATION"",""proposal_type"":""SHARED_CONTROL_BANK"",""rationale_ru"":""Один общий физический блок; стабильный ID сохраняет исходную функцию, а не добавляет ещё один совпадающий механизм."",""proposed_host_id"":""LOUNGE_EAST_OPAQUE"",""proposed_face"":""WEST"",""shared_assembly_id"":""P85-CB-ENTRY"",""actual_installation_xyz_mm"":null,""accepted"":false,""source_ref"":""02_model/proposals/P84/p84-electrical-coordination.json#/points/34""},{""point_id"":""P65-SW-00"",""source_xy_mm"":[7700,0],""source_height_mm"":1100,""source_marker_xy_mm"":null,""proposed_xy_mm"":[8400,-1000],""proposed_height_mm"":1100,""height_reference"":""ROOM_FFL_TO_BLOCK_CENTRE"",""height_status"":""EXISTING_TRIAL_RETAINED_NOT_INSTALLATION"",""proposal_type"":""SHARED_CONTROL_BANK"",""rationale_ru"":""Один общий физический блок; стабильный ID сохраняет исходную функцию, а не добавляет ещё один совпадающий механизм."",""proposed_host_id"":""LOUNGE_EAST_OPAQUE"",""proposed_face"":""WEST"",""shared_assembly_id"":""P85-CB-ENTRY"",""actual_installation_xyz_mm"":null,""accepted"":false,""source_ref"":""02_model/proposals/P84/p84-electrical-coordination.json#/points/50""},{""point_id"":""P65-SW-15"",""source_xy_mm"":[8250,0],""source_height_mm"":1100,""source_marker_xy_mm"":null,""proposed_xy_mm"":[8400,-1000],""proposed_height_mm"":1100,""height_reference"":""ROOM_FFL_TO_BLOCK_CENTRE"",""height_status"":""EXISTING_TRIAL_RETAINED_NOT_INSTALLATION"",""proposal_type"":""SHARED_CONTROL_BANK"",""rationale_ru"":""Один общий физический блок; стабильный ID сохраняет исходную функцию, а не добавляет ещё один совпадающий механизм."",""proposed_host_id"":""LOUNGE_EAST_OPAQUE"",""proposed_face"":""WEST"",""shared_assembly_id"":""P85-CB-ENTRY"",""actual_installation_xyz_mm"":null,""accepted"":false,""source_ref"":""02_model/proposals/P84/p84-electrical-coordination.json#/points/48""}]","[{""source_path"":""04_documents/work-in-progress/P82/DATA/architecture-P81.json"",""source_pointer"":""/doors/0"",""note_ru"":""D01: номинальное полотно 900; правая крайняя возможная ось петель X 7460."",""values"":{""door_start_x_mm"":6560,""door_end_x_mm"":7460,""nominal_leaf_mm"":900}},{""source_path"":""04_documents/work-in-progress/P82/DATA/architecture-P81.json"",""source_pointer"":""/lounge/east_wall"",""note_ru"":""Восточная стена непрозрачная."",""values"":{}},{""source_path"":""04_documents/work-in-progress/P82/DATA/architecture-P81.json"",""source_pointer"":""/lounge/rect_mm"",""note_ru"":""Восточная грань лаунджа X 8400."",""values"":{""candidate_to_east_hinge_distance_mm"":1372.4,""nominal_leaf_radius_mm"":900,""nominal_radial_difference_mm"":472.4}}]","{""problem"":""SW01 близко к двери; SW15 может попасть за открытое полотно."",""recommendation"":""Один блок на восточной стене: X 8400, Y −1000; h 1100 мм*. Приход, лаундж и «выключить свет» — разные команды."",""alternative"":""Северная стена — после выбора петель и полного открывания двери."",""decision"":""Переносим три функции в один восточный блок?"",""depends_on"":""Фурнитура D01, размер блока и исполнение для лаунджа.""}","[{""type"":""DIMENSION_SEGMENT"",""start_mm"":[7460,0],""end_mm"":[8400,0],""label_ru"":""940 — от края D01 до восточной стены"",""units"":""mm"",""is_required_safety_clearance"":false},{""type"":""DIMENSION_SEGMENT"",""start_mm"":[8400,0],""end_mm"":[8400,-1000],""label_ru"":""1000 — от северной плоскости дома"",""units"":""mm"",""is_required_safety_clearance"":false}]",[],PENDING_CLIENT_DECISION,False,,P85-D-01-A,False,FOR_CLIENT_REVIEW,False,"[""P85-CB-ENTRY""]",,
P85-D-02,Гостевой С/У: узкий простенок 150 мм,"[""P84-E-OPEN-006""]","[""P65-SW-06"",""P65-SW-02""]","[""P26-A-HALL"",""P26-A-R02""]","[5700,0,2700,3900]","SW06 находится по центру 150 мм простенка до D03: по 75 мм от краёв. Ниже двери полотно парковки занимает участок до Y 2350, затем начинается технический шкаф; свободный большой участок рядом не подтверждён.","Сохранить место SW06[X 7460, Y 475] как условную примерку одного компактного органа управления. Реальная рамка, наличник и монтажные отступы вместе должны поместиться в 150 мм; число команд решается выбранным механизмом. h 1100 мм — прежняя примерка.","Если изделие не помещается, перенести функцию гостевого света в общий блок со SW02 на[X 7960, Y 3380]. Это дальше от двери С/У; потребуется пройти к южному концу прихожей.","Предпочесть компактную местную клавишу у D03; если она не помещается, разрешить объединение со SW02 или вернуться к дверному узлу.","Чертёж рамки/наличника, сборка стены и реальные команды. Нельзя считать ширину 150 мм нормативным допуском или разрешением на коробку.","[{""point_id"":""P65-SW-06"",""source_xy_mm"":[7460,475],""source_height_mm"":1100,""source_marker_xy_mm"":null,""proposed_xy_mm"":[7460,475],""proposed_height_mm"":1100,""height_reference"":""ROOM_FFL_TO_BLOCK_CENTRE"",""height_status"":""EXISTING_TRIAL_RETAINED_NOT_INSTALLATION"",""proposal_type"":""KEEP_CONDITIONAL_ON_FRAME_FIT"",""rationale_ru"":""Полный фактический поперечный габарит с рамкой/наличником/монтажными зазорами должен поместиться в существующем простенке."",""proposed_host_id"":""P48-WB01-N"",""proposed_face"":""WEST"",""shared_assembly_id"":null,""actual_installation_xyz_mm"":null,""accepted"":false,""source_ref"":""02_model/proposals/P84/p84-electrical-coordination.json#/points/39""}]","[{""source_path"":""04_documents/work-in-progress/P82/DATA/architecture-P81.json"",""source_pointer"":""/partitions/5"",""note_ru"":""Западная грань P48-WB01-N X 7460 начинается Y 400."",""values"":{}},{""source_path"":""04_documents/work-in-progress/P82/DATA/architecture-P81.json"",""source_pointer"":""/doors/2"",""note_ru"":""D03 начинается Y 550; край припаркованного полотна Y 2350."",""values"":{""pier_width_mm"":150,""centre_offset_mm"":75,""other_side_mm"":75}},{""source_path"":""04_documents/work-in-progress/P82/DATA/furniture-P81.json"",""source_pointer"":""/items/9"",""note_ru"":""Технический шкаф начинается Y 2440."",""values"":{}}]","{""problem"":""До D03 всего 150 мм: рамка и наличник могут не войти."",""recommendation"":""Сохранить X 7460, Y 475; h 1100 мм*, только при доказанном размещении компактного органа."",""alternative"":""Объединить функцию со SW02 у южного конца прихожей."",""decision"":""Приоритет — местная компактная клавиша у двери?"",""depends_on"":""Полный размер рамки, наличника и монтажных зазоров.""}","[{""type"":""DIMENSION_SEGMENT"",""start_mm"":[7460,400],""end_mm"":[7460,550],""label_ru"":""150 — существующий простенок"",""units"":""mm"",""is_required_safety_clearance"":false},{""type"":""DIMENSION_SEGMENT"",""start_mm"":[7460,400],""end_mm"":[7460,475],""label_ru"":""75"",""units"":""mm"",""is_required_safety_clearance"":false},{""type"":""DIMENSION_SEGMENT"",""start_mm"":[7460,475],""end_mm"":[7460,550],""label_ru"":""75"",""units"":""mm"",""is_required_safety_clearance"":false}]",[],PENDING_CLIENT_DECISION,False,,P85-D-02-A,False,FOR_CLIENT_REVIEW,False,,"[{""point_id"":""P65-SW-06"",""source_xy_mm"":[7460,475],""source_height_mm"":1100,""source_marker_xy_mm"":null,""proposed_xy_mm"":[7960,3380],""proposed_height_mm"":1100,""height_reference"":""ROOM_FFL_TO_BLOCK_CENTRE"",""height_status"":""EXISTING_TRIAL_RETAINED_NOT_INSTALLATION"",""proposal_type"":""ALTERNATIVE_SHARED_CONTROL_BANK"",""rationale_ru"":""Добавить функцию к SW02, не рисовать две самостоятельные коробки на одном месте."",""proposed_host_id"":""P48-WB01-S"",""proposed_face"":""WEST"",""shared_assembly_id"":""P85-CB-HALL"",""actual_installation_xyz_mm"":null,""accepted"":false,""source_ref"":""02_model/proposals/P84/p84-electrical-coordination.json#/points/39""}]",
P85-D-03,Мастер С/У: перенести клавишу на правый простенок,"[""P84-E-OPEN-007""]","[""P65-SW-07""]","[""P26-A-R04"",""P26-A-R03""]","[8350,3700,2700,1900]","SW07 зажат между припаркованной D04 и началом D05: 120 мм, по 60 мм от центра. Под выбранную рамку места пока не доказано.","Перенести SW07 на северную стену мастер-спальни восточнее D05: X 10045, Y 4160, h 1100 мм*. Между осью петли D05 X 9810 и гардеробом X 10280 есть 470 мм; новый центр даёт по 235 мм.",Сохранить старый 120 мм простенок только при точной проверке компактной рамки и двух дверных узлов. Этот вариант хуже по запасу места.,Выбрать новый центр X 10045 на правом простенке.,Сохранить предусмотренный P81 ограничитель D05 около 90°; проверить северный фасад/дверцу гардероба и фактические наличники. Открывание гардероба ещё не проверено.,"[{""point_id"":""P65-SW-07"",""source_xy_mm"":[8850,4160],""source_height_mm"":1100,""source_marker_xy_mm"":null,""proposed_xy_mm"":[10045,4160],""proposed_height_mm"":1100,""height_reference"":""ROOM_FFL_TO_BLOCK_CENTRE"",""height_status"":""EXISTING_TRIAL_RETAINED_NOT_INSTALLATION"",""proposal_type"":""PROPOSED_RELOCATION"",""rationale_ru"":""470 мм существующего участка делятся 235/235; D05 номинально открывается к западу от петли при выбранной схеме 90°."",""proposed_host_id"":""P44-WB02"",""proposed_face"":""SOUTH"",""shared_assembly_id"":null,""actual_installation_xyz_mm"":null,""accepted"":false,""source_ref"":""02_model/proposals/P84/p84-electrical-coordination.json#/points/40""}]","[{""source_path"":""04_documents/work-in-progress/P82/DATA/architecture-P81.json"",""source_pointer"":""/doors/3"",""note_ru"":""D04 край припаркованного полотна X 8790."",""values"":{}},{""source_path"":""04_documents/work-in-progress/P82/DATA/architecture-P81.json"",""source_pointer"":""/doors/4"",""note_ru"":""D05 start8910, hinge9810, принятый в исходной модели ограничитель 90°."",""values"":{""old_pier_mm"":120}},{""source_path"":""04_documents/work-in-progress/P82/DATA/furniture-P81.json"",""source_pointer"":""/items/1"",""note_ru"":""Гардероб начинается X 10280; его открывание не доказан."",""values"":{""new_pier_mm"":470,""left_mm"":235,""right_mm"":235}}]","{""problem"":""SW07 стоит в 120 мм между двумя дверными узлами."",""recommendation"":""На правый простенок: X 10045, Y 4160; h 1100 мм*. По 235 мм до D05 и шкафа."",""alternative"":""Старый простенок — только после подбора компактной рамки."",""decision"":""Перенести SW07 вправо от двери С/У?"",""depends_on"":""Ограничитель D05 около 90°, наличник и открывание шкафа.""}","[{""type"":""DIMENSION_SEGMENT"",""start_mm"":[8790,4160],""end_mm"":[8910,4160],""label_ru"":""120 — старое место"",""units"":""mm"",""is_required_safety_clearance"":false},{""type"":""DIMENSION_SEGMENT"",""start_mm"":[9810,4160],""end_mm"":[10280,4160],""label_ru"":""470 — новый участок"",""units"":""mm"",""is_required_safety_clearance"":false},{""type"":""DIMENSION_SEGMENT"",""start_mm"":[9810,4160],""end_mm"":[10045,4160],""label_ru"":""235"",""units"":""mm"",""is_required_safety_clearance"":false},{""type"":""DIMENSION_SEGMENT"",""start_mm"":[10045,4160],""end_mm"":[10280,4160],""label_ru"":""235"",""units"":""mm"",""is_required_safety_clearance"":false}]",[],PENDING_CLIENT_DECISION,False,,P85-D-03-A,False,FOR_CLIENT_REVIEW,False,,,
P85-D-04,Спальни: убрать точки с узкой двери и фасада шкафа,"[""P84-E-OPEN-001"",""P84-E-OPEN-008""]","[""P65-SW-11"",""P65-P-15"",""P65-P-18"",""P65-SW-08""]","[""P26-A-R05"",""P26-A-R04""]","[3250,3900,7750,2200]","SW11 стоит в 260 мм остатка у D06; точная сторона открывания двери не выбрана. P15 намечена на фасаде мастер-гардероба, неподвижная панель не подтверждена.","SW11 перенести на восточную стену спальни 2: X 6600, Y 5300, h 1100 мм*. Это на 240 мм южнее крайней точки номинального открывания полотна 900 мм от Y 4160. P15 перенести на западную стену мастер-спальни: X 6800, Y 4400, h 300 мм*; до северного угла 240 мм, до тумбы 410 мм.",SW11 оставить у D06 после выбора петель/рамки; P15 оставить в шкафу только при отдельной неподвижной обслуживаемой секции мебельщика.,Принять две точки на свободных стенах вместо прежних условных мест.,"Фактическая дверь D06 и рамки, коробки по обеим сторонам перегородки. P18 на[Y 4610] также проверить после выбора D06: при некоторых открываниях дверь может закрывать доступ.","[{""point_id"":""P65-SW-11"",""source_xy_mm"":[6460,4160],""source_height_mm"":1100,""source_marker_xy_mm"":null,""proposed_xy_mm"":[6600,5300],""proposed_height_mm"":1100,""height_reference"":""ROOM_FFL_TO_BLOCK_CENTRE"",""height_status"":""EXISTING_TRIAL_RETAINED_NOT_INSTALLATION"",""proposal_type"":""PROPOSED_RELOCATION"",""rationale_ru"":""Y 5300−(Y 4160+900)=240 мм за номинальной зоной досягания любого указанного полотна D06."",""proposed_host_id"":""P44-P03"",""proposed_face"":""WEST"",""shared_assembly_id"":null,""actual_installation_xyz_mm"":null,""accepted"":false,""source_ref"":""02_model/proposals/P84/p84-electrical-coordination.json#/points/44""},{""point_id"":""P65-P-15"",""source_xy_mm"":[10280,4610],""source_height_mm"":300,""source_marker_xy_mm"":null,""proposed_xy_mm"":[6800,4400],""proposed_height_mm"":300,""height_reference"":""ROOM_FFL_TO_BLOCK_CENTRE"",""height_status"":""EXISTING_TRIAL_RETAINED_NOT_INSTALLATION"",""proposal_type"":""PROPOSED_RELOCATION"",""rationale_ru"":""Западная стена свободна до северной тумбы Y 4810; точка не попадает на фасад гардероба и вне номинального радиуса D04."",""proposed_host_id"":""P44-P03"",""proposed_face"":""EAST"",""shared_assembly_id"":null,""actual_installation_xyz_mm"":null,""accepted"":false,""source_ref"":""02_model/proposals/P84/p84-electrical-coordination.json#/points/13""}]","[{""source_path"":""04_documents/work-in-progress/P82/DATA/architecture-P81.json"",""source_pointer"":""/doors/5"",""note_ru"":""D06 номинальное полотно 900, сторона петель не выбрана."",""values"":{""maximum_nominal_south_reach_mm"":5060,""candidate_beyond_reach_mm"":240}},{""source_path"":""04_documents/work-in-progress/P82/DATA/furniture-P81.json"",""source_pointer"":""/items/7"",""note_ru"":""Северная мастер-тумба начинается Y 4810."",""values"":{""north_corner_offset_mm"":240,""to_table_mm"":410}},{""source_path"":""04_documents/work-in-progress/P82/DATA/architecture-P81.json"",""source_pointer"":""/doors/3"",""note_ru"":""Петля D04X7890: до западной стены 1090 мм > номинальное полотно 900."",""values"":{}},{""source_path"":""02_model/proposals/P84/p84-electrical-coordination.json"",""source_pointer"":""/points"",""note_ru"":""P18 требует отдельной проверки доступности после выбора D06."",""values"":{}}]","{""problem"":""SW11 у неопределённой двери; P15 на неподтверждённом фасаде шкафа."",""recommendation"":""SW11→X 6600, Y 5300, h 1100 мм*. P15→X 6800, Y 4400, h 300 мм*."",""alternative"":""Старые места — после точной двери и неподвижной секции шкафа."",""decision"":""Принять оба переноса на свободные стены?"",""depends_on"":""D06, рамки, коробки с двух сторон стены; доступ к P18.""}","[{""type"":""DIMENSION_SEGMENT"",""start_mm"":[6600,5060],""end_mm"":[6600,5300],""label_ru"":""240 — за номинальное открывание D06"",""units"":""mm"",""is_required_safety_clearance"":false},{""type"":""DIMENSION_SEGMENT"",""start_mm"":[6800,4160],""end_mm"":[6800,4400],""label_ru"":""240"",""units"":""mm"",""is_required_safety_clearance"":false},{""type"":""DIMENSION_SEGMENT"",""start_mm"":[6800,4400],""end_mm"":[6800,4810],""label_ru"":""410"",""units"":""mm"",""is_required_safety_clearance"":false}]",[],PENDING_CLIENT_DECISION,False,,P85-D-04-A,False,FOR_CLIENT_REVIEW,False,,,
P85-D-05,Мокрые помещения: доступные подключения,"[""P84-E-OPEN-002"",""P84-E-OPEN-003"",""P84-E-OPEN-014""]","[""P65-P-21"",""P65-P-27""]","[""P26-A-R02"",""P26-A-R03""]","[7350,100,3800,4300]",P21 не имеет физической точки: прежний маркер был в центре колонны машин. P27 стоит внутри тумбы. Щель 375 мм между машиной и чашей не свободна: 300 мм перекрывается перенесённой зоной пользования WC.,"Для P21 сохранить два раздельных подключения и отдельный обслуживаемый доступ без выдвижения машин для обычного отключения; место выбирается после моделей и проверки WC. Для P27 предложить северную стену над правым 800 мм участком тумбы: X 10460, Y 2440. Высота остаётся не назначенной до выбора столешницы и зеркала и проверки зон.",P27 можно оставить в специально спроектированной доступной сервисной секции тумбы; размещение внутри шкафа само по себе не делает точку допустимой. P21 не переносить в 375 мм щель без повторной проверки.,Подтвердить два отдельных подключения машин и предпочтение настенной точки P27 над правой тумбой.,"Точные модели машин/мебели/зеркал, мокрые зоны и доступ, зона пользования WC. Размещение и высоты утверждает проектировщик по выбранным изделиям.","[{""point_id"":""P65-P-21"",""source_xy_mm"":null,""source_height_mm"":null,""source_marker_xy_mm"":[7985,1915],""proposed_xy_mm"":null,""proposed_height_mm"":null,""height_reference"":""ROOM_FFL_TO_EQUIPMENT_CONNECTION_TBC"",""height_status"":""TBC_PRODUCT_AND_FFL"",""proposal_type"":""SPECIFIC_SERVICE_BRIEF_NO_JUSTIFIED_POINT"",""rationale_ru"":""Сохранить два отдельных подключения; отклонена ложная свободная 375 мм щель. Нужен доступный сервисный узел после реальных машин и пользование WC."",""proposed_host_id"":""P50-G-WD"",""proposed_face"":""EQUIPMENT_INTERFACE"",""shared_assembly_id"":null,""actual_installation_xyz_mm"":null,""accepted"":false,""source_ref"":""02_model/proposals/P84/p84-electrical-coordination.json#/points/19""},{""point_id"":""P65-P-27"",""source_xy_mm"":[10060,2665],""source_height_mm"":null,""source_marker_xy_mm"":null,""proposed_xy_mm"":[10460,2440],""proposed_height_mm"":null,""height_reference"":""ROOM_FFL_TO_EQUIPMENT_CONNECTION_TBC"",""height_status"":""TBC_PRODUCT_AND_FFL"",""proposal_type"":""CONDITIONAL_WALL_CANDIDATE"",""rationale_ru"":""Центр правого 800 мм участка тумбы: 400 мм от края раковины и 400 мм до восточной стены; это геометрия, не безопасная зона."",""proposed_host_id"":""P44-P04"",""proposed_face"":""SOUTH"",""shared_assembly_id"":null,""actual_installation_xyz_mm"":null,""accepted"":false,""source_ref"":""02_model/proposals/P84/p84-electrical-coordination.json#/points/25""}]","[{""source_path"":""04_documents/work-in-progress/P82/DATA/furniture-P81.json"",""source_pointer"":""/items/15"",""note_ru"":""Колонна машин заканчивается на X 8310."",""values"":{}},{""source_path"":""04_documents/work-in-progress/P82/DATA/furniture-P81.json"",""source_pointer"":""/items/16"",""note_ru"":""WC body начинается от X 8685; confirmed transform P72 +160X."",""values"":{""body_gap_mm"":375}},{""source_path"":""02_model/proposals/P72/p11-p72-plant-access-study.json"",""source_pointer"":""/guest_study/states/0"",""note_ru"":""P72 зона пользования 8225..9225 получает тот же+160X только для сравнительной проверки, не повторно утверждённый P81 fit."",""values"":{""inherited_transformed_rect_mm"":[8385,1440,1000,800],""overlap_with_gap_mm"":300,""remaining_plan_strip_mm"":75}},{""source_path"":""04_documents/work-in-progress/P82/DATA/furniture-P81.json"",""source_pointer"":""/items/18"",""note_ru"":""Правая тумба начинается от X 10060, width800."",""values"":{""candidate_x_mm"":10460.0,""to_each_edge_mm"":400}}]","{""problem"":""P21: точка не задана; P27: внутри тумбы. Из 375 мм щели 300 мм пересекают зону пользования WC; остаётся 75 мм."",""recommendation"":""P21: два доступных подключения по изделию. P27: на стену X 10460, Y 2440; высота после столешницы и зон."",""alternative"":""Специальная сервисная секция мебели, подтверждённая проектировщиком."",""decision"":""Подтвердить отдельные подключения и настенный вариант P27?"",""depends_on"":""Модели машин, мокрые зоны, зеркало и доступ при пользовании WC.""}","[{""type"":""DIMENSION_SEGMENT"",""start_mm"":[10060,2440],""end_mm"":[10860,2440],""label_ru"":""800 — правая тумба"",""units"":""mm"",""is_required_safety_clearance"":false},{""type"":""DIMENSION_SEGMENT"",""start_mm"":[10060,2440],""end_mm"":[10460,2440],""label_ru"":""400"",""units"":""mm"",""is_required_safety_clearance"":false},{""type"":""DIMENSION_SEGMENT"",""start_mm"":[10460,2440],""end_mm"":[10860,2440],""label_ru"":""400"",""units"":""mm"",""is_required_safety_clearance"":false}]","[{""id"":""P85-REJECTED-WD-GAP"",""status"":""REJECTED_AS_FREE_SERVICE_ZONE"",""rect_mm"":[8310,1590,375,650],""label_ru"":""375 мм — только разрыв корпусов, не свободный доступ""},{""id"":""P85-WC-USE-COMPARISON"",""status"":""INHERITED_COORDINATION_ENVELOPE_NOT_CURRENT_APPROVED_FIT"",""rect_mm"":[8385,1440,1000,800],""label_ru"":""Зона WC из P72 +160X: пересечение 300 мм""}]",PENDING_CLIENT_DECISION,False,,P85-D-05-A,False,FOR_CLIENT_REVIEW,False,,,
P85-D-06,Лаундж: освободить узкий участок у столешницы,"[""P84-E-OPEN-004"",""P84-E-OPEN-009""]","[""P65-P-30"",""P65-SW-16"",""P65-SW-15""]","[""P73-LOUNGE""]","[4050,-1500,4600,1900]",Между концом столешницы X 6300 и D01 при X 6560 только 260 мм. P30 и SW16 стоят не по центру. Высота столешницы неизвестна; 850 мм из старой картинки не является высотой розетки над ней.,"Для P30 зарезервировать центр простенка X 6430, Y 0: по 130 мм от краёв; высоту определить от фактической столешницы и выбранной рамки. Функцию SW16 «рабочий свет» объединить с новым входным блоком P85-CB-ENTRY: она уже есть у SW15; отдельную клавишу на узком простенке не добавлять.",Сохранить местную клавишу мойки в общем вертикальном блоке с P30 на X 6430 только после определения обеих высот и габарита. Открытая D01 не должна закрывать этот блок.,Выбрать P30 по центру простенка и управление рабочим светом из общего блока; либо потребовать отдельную местную клавишу.,"Высота столешницы, брызги/условия лаунджа, полное открывание D01 и рамка. Не переносить розетку на участок W06 и не принимать 400 мм до печи за допустимый тепловой отступ.","[{""point_id"":""P65-P-30"",""source_xy_mm"":[6360,0],""source_height_mm"":null,""source_marker_xy_mm"":null,""proposed_xy_mm"":[6430,0],""proposed_height_mm"":null,""height_reference"":""ROOM_FFL_TO_BLOCK_CENTRE"",""height_status"":""TBC_PRODUCT_AND_FFL"",""proposal_type"":""CONDITIONAL_CENTRED_PIER_CANDIDATE"",""rationale_ru"":""(6300+6560)/2=6430; по 130 мм. Высота неизвестна. Условие: выбранная D01 не закрывает доступ к простенку."",""proposed_host_id"":""P69-EXT-N"",""proposed_face"":""NORTH"",""shared_assembly_id"":null,""actual_installation_xyz_mm"":null,""accepted"":false,""source_ref"":""02_model/proposals/P84/p84-electrical-coordination.json#/points/28""},{""point_id"":""P65-SW-16"",""source_xy_mm"":[6390,0],""source_height_mm"":1100,""source_marker_xy_mm"":null,""proposed_xy_mm"":[8400,-1000],""proposed_height_mm"":1100,""height_reference"":""ROOM_FFL_TO_BLOCK_CENTRE"",""height_status"":""EXISTING_TRIAL_RETAINED_NOT_INSTALLATION"",""proposal_type"":""MERGE_DUPLICATE_WORK_FUNCTION"",""rationale_ru"":""Рабочая группа уже доступна через SW15; в общем блоке сохраняется одна команда этой группы, не дополнительная совпадающая коробка."",""proposed_host_id"":""LOUNGE_EAST_OPAQUE"",""proposed_face"":""WEST"",""shared_assembly_id"":""P85-CB-ENTRY"",""actual_installation_xyz_mm"":null,""accepted"":false,""source_ref"":""02_model/proposals/P84/p84-electrical-coordination.json#/points/49""}]","[{""source_path"":""04_documents/work-in-progress/P82/DATA/furniture-P81.json"",""source_pointer"":""/items/47"",""note_ru"":""Столешница лаунджазаканчивается на X 6300; фактическая высота столешницы неизвестна."",""values"":{}},{""source_path"":""04_documents/work-in-progress/P82/DATA/architecture-P81.json"",""source_pointer"":""/doors/0"",""note_ru"":""D01 начинается от X 6560."",""values"":{""pier_width_mm"":260,""centre_x_mm"":6430.0,""both_edge_offsets_mm"":130}},{""source_path"":""02_model/proposals/P84/p84-electrical-coordination.json"",""source_pointer"":""/control_mappings"",""note_ru"":""SW15 и SW16 обслуживают LOUNGE-WORK; объединяется функция, не электрическая цепь."",""values"":{}}]","{""problem"":""В 260 мм зажаты розетки и клавиша; высота столешницы неизвестна."",""recommendation"":""P30→X 6430, Y 0, высота по столешнице. SW16 объединить с рабочей командой нового входного блока."",""alternative"":""Местная клавиша в общей вертикальной сборке после подбора высот."",""decision"":""Управлять мойкой из общего блока или нужна клавиша рядом?"",""depends_on"":""Столешница, рамки, влага и полное открывание D01.""}","[{""type"":""DIMENSION_SEGMENT"",""start_mm"":[6300,0],""end_mm"":[6560,0],""label_ru"":""260 — простенок"",""units"":""mm"",""is_required_safety_clearance"":false},{""type"":""DIMENSION_SEGMENT"",""start_mm"":[6300,0],""end_mm"":[6430,0],""label_ru"":""130"",""units"":""mm"",""is_required_safety_clearance"":false},{""type"":""DIMENSION_SEGMENT"",""start_mm"":[6430,0],""end_mm"":[6560,0],""label_ru"":""130"",""units"":""mm"",""is_required_safety_clearance"":false}]",[],PENDING_CLIENT_DECISION,False,,P85-D-06-A,False,FOR_CLIENT_REVIEW,False,,,"[""P85-D-01""]"
P85-D-07,У кроватей: одинаковая понятная схема,"[""P84-E-OPEN-012"",""P84-E-OPEN-018""]","[""P65-P-13"",""P65-SW-09"",""P65-P-14"",""P65-SW-10"",""P65-P-16"",""P65-SW-12"",""P65-P-17"",""P65-SW-13""]","[""P26-A-R04"",""P26-A-R05""]","[3250,4510,6000,3200]",Сейчас розетки и клавиши смещены относительно друг друга. Высоты тумб и бра неизвестны; существующие 650/950 мм пока нельзя отдавать монтажнику.,"Выстроить розетки и управление по центрам четырёх тумб: Y 4985 с севера и Y 7335 с юга, на стенах X 6800/X 3500. Розетки 650 мм*, клавиши 950 мм* от чистого пола — сохранённая примерка; бра получает отдельную высоту после выбора. С каждой стороны — общий свет, своё чтение и ночной режим.","Встроить блок в подтверждённую неподвижную панель изголовья; тогда XY/высоты пересчитать по выбранной мебели, не по типовой кровати.",Принять одинаковую логику четырёх прикроватных блоков и привязку по центру тумб.,"Фактическая высота тумб/изголовья, досягаемость лёжа, габарит бра и рамок, сборка/акустика стен. 650/950 мм должны быть пересмотрены, если мебель их перекрывает.","[{""point_id"":""P65-P-13"",""source_xy_mm"":[6800,4860],""source_height_mm"":650,""source_marker_xy_mm"":null,""proposed_xy_mm"":[6800,4985.0],""proposed_height_mm"":650,""height_reference"":""ROOM_FFL_TO_BLOCK_CENTRE"",""height_status"":""EXISTING_TRIAL_RETAINED_NOT_INSTALLATION"",""proposal_type"":""ALIGN_OVER_TABLE_CENTRE"",""rationale_ru"":""Плановый центр тумбы; 650 мм — прежняя высотная примерка. Два гнезда сохраняются."",""proposed_host_id"":""P44-P03"",""proposed_face"":""EAST"",""actual_installation_xyz_mm"":null,""accepted"":false,""source_ref"":""02_model/proposals/P84/p84-electrical-coordination.json#/points/11"",""coordination_stack_id"":""P85-ST-P26-A-M-NS-N"",""shared_assembly_id"":null},{""point_id"":""P65-SW-09"",""source_xy_mm"":[6800,4985],""source_height_mm"":950,""source_marker_xy_mm"":null,""proposed_xy_mm"":[6800,4985.0],""proposed_height_mm"":950,""height_reference"":""ROOM_FFL_TO_BLOCK_CENTRE"",""height_status"":""EXISTING_TRIAL_RETAINED_NOT_INSTALLATION"",""proposal_type"":""RETAIN_ALIGNED_CONTROL"",""rationale_ru"":""Рядом с собственной тумбой: общий/своё чтение/ночной; 950 мм — прежняя примерка."",""proposed_host_id"":""P44-P03"",""proposed_face"":""EAST"",""actual_installation_xyz_mm"":null,""accepted"":false,""source_ref"":""02_model/proposals/P84/p84-electrical-coordination.json#/points/42"",""coordination_stack_id"":""P85-ST-P26-A-M-NS-N"",""shared_assembly_id"":null},{""point_id"":""P65-P-14"",""source_xy_mm"":[6800,7410],""source_height_mm"":650,""source_marker_xy_mm"":null,""proposed_xy_mm"":[6800,7335.0],""proposed_height_mm"":650,""height_reference"":""ROOM_FFL_TO_BLOCK_CENTRE"",""height_status"":""EXISTING_TRIAL_RETAINED_NOT_INSTALLATION"",""proposal_type"":""ALIGN_OVER_TABLE_CENTRE"",""rationale_ru"":""Плановый центр тумбы; 650 мм — прежняя высотная примерка. Два гнезда сохраняются."",""proposed_host_id"":""P44-P03"",""proposed_face"":""EAST"",""actual_installation_xyz_mm"":null,""accepted"":false,""source_ref"":""02_model/proposals/P84/p84-electrical-coordination.json#/points/12"",""coordination_stack_id"":""P85-ST-P26-A-M-NS-S"",""shared_assembly_id"":null},{""point_id"":""P65-SW-10"",""source_xy_mm"":[6800,7335],""source_height_mm"":950,""source_marker_xy_mm"":null,""proposed_xy_mm"":[6800,7335.0],""proposed_height_mm"":950,""height_reference"":""ROOM_FFL_TO_BLOCK_CENTRE"",""height_status"":""EXISTING_TRIAL_RETAINED_NOT_INSTALLATION"",""proposal_type"":""RETAIN_ALIGNED_CONTROL"",""rationale_ru"":""Рядом с собственной тумбой: общий/своё чтение/ночной; 950 мм — прежняя примерка."",""proposed_host_id"":""P44-P03"",""proposed_face"":""EAST"",""actual_installation_xyz_mm"":null,""accepted"":false,""source_ref"":""02_model/proposals/P84/p84-electrical-coordination.json#/points/43"",""coordination_stack_id"":""P85-ST-P26-A-M-NS-S"",""shared_assembly_id"":null},{""point_id"":""P65-P-16"",""source_xy_mm"":[3500,4860],""source_height_mm"":650,""source_marker_xy_mm"":null,""proposed_xy_mm"":[3500,4985.0],""proposed_height_mm"":650,""height_reference"":""ROOM_FFL_TO_BLOCK_CENTRE"",""height_status"":""EXISTING_TRIAL_RETAINED_NOT_INSTALLATION"",""proposal_type"":""ALIGN_OVER_TABLE_CENTRE"",""rationale_ru"":""Плановый центр тумбы; 650 мм — прежняя высотная примерка. Два гнезда сохраняются."",""proposed_host_id"":""P44-P02"",""proposed_face"":""EAST"",""actual_installation_xyz_mm"":null,""accepted"":false,""source_ref"":""02_model/proposals/P84/p84-electrical-coordination.json#/points/14"",""coordination_stack_id"":""P85-ST-P26-A-B2-NS-N"",""shared_assembly_id"":null},{""point_id"":""P65-SW-12"",""source_xy_mm"":[3500,4985],""source_height_mm"":950,""source_marker_xy_mm"":null,""proposed_xy_mm"":[3500,4985.0],""proposed_height_mm"":950,""height_reference"":""ROOM_FFL_TO_BLOCK_CENTRE"",""height_status"":""EXISTING_TRIAL_RETAINED_NOT_INSTALLATION"",""proposal_type"":""RETAIN_ALIGNED_CONTROL"",""rationale_ru"":""Рядом с собственной тумбой: общий/своё чтение/ночной; 950 мм — прежняя примерка."",""proposed_host_id"":""P44-P02"",""proposed_face"":""EAST"",""actual_installation_xyz_mm"":null,""accepted"":false,""source_ref"":""02_model/proposals/P84/p84-electrical-coordination.json#/points/45"",""coordination_stack_id"":""P85-ST-P26-A-B2-NS-N"",""shared_assembly_id"":null},{""point_id"":""P65-P-17"",""source_xy_mm"":[3500,7410],""source_height_mm"":650,""source_marker_xy_mm"":null,""proposed_xy_mm"":[3500,7335.0],""proposed_height_mm"":650,""height_reference"":""ROOM_FFL_TO_BLOCK_CENTRE"",""height_status"":""EXISTING_TRIAL_RETAINED_NOT_INSTALLATION"",""proposal_type"":""ALIGN_OVER_TABLE_CENTRE"",""rationale_ru"":""Плановый центр тумбы; 650 мм — прежняя высотная примерка. Два гнезда сохраняются."",""proposed_host_id"":""P44-P02"",""proposed_face"":""EAST"",""actual_installation_xyz_mm"":null,""accepted"":false,""source_ref"":""02_model/proposals/P84/p84-electrical-coordination.json#/points/15"",""coordination_stack_id"":""P85-ST-P26-A-B2-NS-S"",""shared_assembly_id"":null},{""point_id"":""P65-SW-13"",""source_xy_mm"":[3500,7335],""source_height_mm"":950,""source_marker_xy_mm"":null,""proposed_xy_mm"":[3500,7335.0],""proposed_height_mm"":950,""height_reference"":""ROOM_FFL_TO_BLOCK_CENTRE"",""height_status"":""EXISTING_TRIAL_RETAINED_NOT_INSTALLATION"",""proposal_type"":""RETAIN_ALIGNED_CONTROL"",""rationale_ru"":""Рядом с собственной тумбой: общий/своё чтение/ночной; 950 мм — прежняя примерка."",""proposed_host_id"":""P44-P02"",""proposed_face"":""EAST"",""actual_installation_xyz_mm"":null,""accepted"":false,""source_ref"":""02_model/proposals/P84/p84-electrical-coordination.json#/points/46"",""coordination_stack_id"":""P85-ST-P26-A-B2-NS-S"",""shared_assembly_id"":null}]","[{""source_path"":""04_documents/work-in-progress/P82/DATA/furniture-P81.json"",""source_pointer"":""/items/7"",""note_ru"":""Фактический номинальный габарит тумбы; её высота неизвестна."",""values"":{""table_id"":""P26-A-M-NS-N"",""rect_mm"":[6800,4810,340,350],""axis_y_mm"":4985.0,""socket_trial_height_mm"":650,""control_trial_height_mm"":950,""trial_height_difference_mm"":300}},{""source_path"":""04_documents/work-in-progress/P82/DATA/furniture-P81.json"",""source_pointer"":""/items/8"",""note_ru"":""Фактический номинальный габарит тумбы; её высота неизвестна."",""values"":{""table_id"":""P26-A-M-NS-S"",""rect_mm"":[6800,7160,350,350],""axis_y_mm"":7335.0,""socket_trial_height_mm"":650,""control_trial_height_mm"":950,""trial_height_difference_mm"":300}},{""source_path"":""04_documents/work-in-progress/P82/DATA/furniture-P81.json"",""source_pointer"":""/items/5"",""note_ru"":""Фактический номинальный габарит тумбы; её высота неизвестна."",""values"":{""table_id"":""P26-A-B2-NS-N"",""rect_mm"":[3500,4810,350,350],""axis_y_mm"":4985.0,""socket_trial_height_mm"":650,""control_trial_height_mm"":950,""trial_height_difference_mm"":300}},{""source_path"":""04_documents/work-in-progress/P82/DATA/furniture-P81.json"",""source_pointer"":""/items/6"",""note_ru"":""Фактический номинальный габарит тумбы; её высота неизвестна."",""values"":{""table_id"":""P26-A-B2-NS-S"",""rect_mm"":[3500,7160,350,350],""axis_y_mm"":7335.0,""socket_trial_height_mm"":650,""control_trial_height_mm"":950,""trial_height_difference_mm"":300}}]","{""problem"":""Розетки и клавиши не соосны; высоты мебели и бра неизвестны."",""recommendation"":""Четыре вертикальные пары по центрам тумб: Y 4985/7335. Розетки 650 мм*, управление 950 мм*; бра отдельно."",""alternative"":""Блоки в неподвижной панели выбранного изголовья."",""decision"":""Принять такую схему с каждой стороны обеих кроватей?"",""depends_on"":""Реальные тумбы, изголовье, бра, рамки и положение лёжа.""}",[],[],PENDING_CLIENT_DECISION,False,,P85-D-07-A,False,FOR_CLIENT_REVIEW,False,,,
P85-D-08,Северный диван: нужна ли местная зарядка,"[""P84-E-OPEN-021""]","[""P65-P-31""]","[""P73-LOUNGE""]","[0,-5050,8800,2350]",Новый диван стоит у северного остекления. Единственная текущая точка P31 находится на восточной стене; подключения возле дивана нет. На стекле неподвижной стены для розетки нет.,"Если зарядка нужна, задать мебельщику одну обслуживаемую зарядную точку в неподвижном элементе у бокового края дивана, со скрытым подводом без шнура через проход. Точный элемент и размещение согласовать вместе с диваном и открыванием остекления; сейчас новую XY/высоту не назначать.",Оставить диван без отдельной зарядки и пользоваться существующими точками в других зонах; не планировать переноску через проход.,Выбрать: местная зарядка у дивана нужна или отдельную точку не добавляем.,"Изделие дивана, неподвижный мебельный элемент для крепления, открывание стекла, доступ к блоку и скрытый маршрут питания. Потребность не считается принятой этим листом.",[],"[{""source_path"":""04_documents/work-in-progress/P82/DATA/furniture-P81.json"",""source_pointer"":""/items/56"",""note_ru"":""Существующий диван 3000 × 650 у северного стекла."",""values"":{""rect_mm"":[1400,-4300,3000,650]}},{""source_path"":""02_model/proposals/P84/p84-electrical-coordination.json"",""source_pointer"":""/points/29"",""note_ru"":""P31 на восточной стене не создаёт локальной точки у дивана."",""values"":{}}]","{""problem"":""У дивана стекло; местной зарядки нет, P31 находится на восточной стене."",""recommendation"":""Если нужна: одна обслуживаемая точка в неподвижном мебельном элементе со скрытым подводом."",""alternative"":""Не добавлять местную зарядку; сохранить текущие точки в других зонах."",""decision"":""Нужна ли отдельная зарядка у дивана?"",""depends_on"":""Модель дивана, неподвижная поверхность крепления, стекло и скрытый маршрут.""}",[],"[{""id"":""P85-SOFA-INTERFACE-STUDY"",""rect_mm"":[1400,-4300,3000,650],""status"":""FURNITURE_INTERFACE_BRIEF_NOT_SOCKET_LOCATION"",""label_ru"":""Мебельный интерфейс требует изделия; розетка не задана""}]",PENDING_CLIENT_DECISION,False,,P85-D-08-A,False,FOR_CLIENT_REVIEW,False,,,
P85-D-09,Свет: принять понятные сцены и местное управление,"[""P84-E-OPEN-010"",""P84-E-OPEN-020""]","[""P79-L01"",""P79-L05"",""P79-L15"",""P65-SW-00""]","[""P26-A-R01"",""P73-LOUNGE""]","[-500,-4900,9300,9200]",P79 объединил некоторые старые группы. Старые K1/K2 нельзя обещать как независимые слои; акцент печи A4 не имеет действующего светильника.,"Принять 11 предложенных сцен P84 как задание: «Ужин» включает стол, кухня по умолчанию выключена, мягкий TV-свет опционален. «Ужин в лаундже» включает стол и допускает свет прохода; отсутствующий акцент печи исключён. Местные клавиши работают без интернета; общий OFF касается только света.","Если нужен независимый акцент печи или раздельный свет острова/столешницы, добавить эти задачи в светотехнический проект и затем обновить группы и сцены.",Подтвердить текущую логику сцен или перечислить нужные отдельные световые задачи.,"Проверка света рабочих поверхностей/душа/шкафов, выбранные драйверы и органы управления, диммирование, работа без интернета и после перезапуска; уровни света и проценты не назначены.",[],"[{""source_path"":""02_model/proposals/P84/p84-electrical-coordination.json"",""source_pointer"":""/scene_recipes"",""note_ru"":""11 текущих предложения; исходные противоречия сохранены отдельно."",""values"":{}},{""source_path"":""02_model/proposals/P84/p84-electrical-coordination.json"",""source_pointer"":""/old_to_new_group_mapping"",""note_ru"":""Переход старых 34 функциональных групп к текущим 26; A4 без действующего светильника."",""values"":{}}]","{""problem"":""Старые раздельные группы объединены; светильник акцента печи отсутствует."",""recommendation"":""Принять 11 сцен P84: ужин — стол; кухня отдельно. Общий OFF отключает только свет."",""alternative"":""Добавить отдельные световые задачи и перепроектировать группы."",""decision"":""Принять сцены или добавить отдельный свет острова/печи?"",""depends_on"":""Фотометрия, выбранные драйверы/клавиши и проверка работы без интернета и после перезапуска.""}",[],[],PENDING_CLIENT_DECISION,False,,P85-D-09-A,False,FOR_CLIENT_REVIEW,False,,,
P85-D-10,Инженерные задания: что нужно после выбора мест,"[""P84-E-OPEN-011"",""P84-E-OPEN-013"",""P84-E-OPEN-015"",""P84-E-OPEN-016"",""P84-E-OPEN-017"",""P84-E-OPEN-019""]","[""P65-P-20"",""P84-E-BOARD"",""P84-E-UFH-HUB"",""P84-E-CONVECTOR"",""P65-SW-04""]","[""P26-A-R01"",""P26-A-HALL"",""P26-A-R02"",""P26-A-R03"",""P26-A-R04"",""P26-A-R05"",""P73-LOUNGE""]","[-600,-5000,12200,13600]","Выбор мест не определяет ввод/щит, кабельные маршруты, подключения отопления, вентиляции и слаботочных систем и обязательные специальные системы. Варианты отопления гостиной также ещё не выбраны.","Передать согласованные места в единое задание электропроектировщику и инженерам отопления, вентиляции и слаботочных систем: сначала техусловия и модели оборудования, затем щит/цепи, трассы/проходки и монтажные отметки. Отдельно подтвердить радиаторы/конвектор возле W01 и SW04. Все 21 замечание P84 остаётся открытым до доказательств.",Сначала ограничить следующий этап выбором точных изделий и планировочных интерфейсов; инженерные расчёты выполнять после получения входных данных.,"Подтвердить очередность: места и функции → изделия/исходные данные → инженерный комплект. Нормы, защиты и мощности этим листом не утверждаются.","Техусловия, юрисдикция и актуальные требования, назначенные специалисты, расчёты и профессиональная проверка; никаких выдуманных кабелей/автоматов/нагрузок.",[],"[{""source_path"":""02_model/proposals/P84/p84-electrical-coordination.json"",""source_pointer"":""/open_items"",""note_ru"":""Открытые профессиональные задания P84-011/013/015/016/017/019."",""values"":{}},{""source_path"":""02_model/proposals/P83/p83-heating-intent.json"",""source_pointer"":""/radiators"",""note_ru"":""Гидравлические радиаторы остаются гидравлическими; нагрузки электрического питания не выдуманы."",""values"":{}},{""source_path"":""02_model/proposals/P83/p83-heating-intent.json"",""source_pointer"":""/living_options"",""note_ru"":""Вариант A не выбран; B требует проверки при W01."",""values"":{}}]","{""problem"":""Щит, разводка, отопление, вентиляция и слаботочные системы и отопительные пересечения ещё не рассчитаны."",""recommendation"":""После мест: собрать ввод и изделия; выпустить единый инженерный комплект с расчётами и маршрутами."",""alternative"":""Первым этапом выбрать изделия и согласовать только их интерфейсы."",""decision"":""Подтвердить эту очередность следующего этапа?"",""depends_on"":""Техусловия, юрисдикция, специалисты и точные изделия.""}",[],[],PENDING_CLIENT_DECISION,False,,P85-D-10-A,False,FOR_CLIENT_REVIEW,False,,,
