quantity_id,object_id,description_ru,quantity_type,package_id,value,unit,measurement_basis,source_document,source_revision,source_sha256,source_pointer,status,owner,deductions_and_exclusions,waste_percent,procurement_quantity,unit_rate,currency,price_date,tax_basis
P78-Q-HOUSE-GROSS,HOUSE,Контур дома по наружным граням,TAKEOFF,FOUNDATION_INPUT,94.3296,m2,11560 × 8160 / 10^6,02_model/proposals/P78/p11-p78-vault-freezer-architecture.json,P78,ba3f6befaaa52a3dd9ddd19f9dff2e258c8c522d450532c9ef3c1023e109dfa2,/house_rect_mm,MEASURED_MODEL_GEOMETRY,QUANTITY_PREPARATION_AI_REVIEW_REQUIRED,,,,,,,
P78-Q-HOUSE-PERIMETER,HOUSE,Наружный периметр стен,TAKEOFF,ARCH,39.44,m,2 × (11560 + 8160) / 1000,02_model/proposals/P78/p11-p78-vault-freezer-architecture.json,P78,ba3f6befaaa52a3dd9ddd19f9dff2e258c8c522d450532c9ef3c1023e109dfa2,/house_rect_mm,MEASURED_MODEL_GEOMETRY,QUANTITY_PREPARATION_AI_REVIEW_REQUIRED,,,,,,,
P78-Q-HOUSE-INNER,HOUSE,Контрольная площадь внутри наружных стен,TAKEOFF,ARCH,79.1936,m2,(11560−800) × (8160−800) / 10^6,02_model/proposals/P78/p11-p78-vault-freezer-architecture.json,P78,ba3f6befaaa52a3dd9ddd19f9dff2e258c8c522d450532c9ef3c1023e109dfa2,/external_wall_reserve_mm,MEASURED_MODEL_GEOMETRY,QUANTITY_PREPARATION_AI_REVIEW_REQUIRED,Включает перегородки/пороги; не чистый пол.,,,,,,
P78-Q-FLOOR-R01,P26-A-R01,Пол / проекция потолка R01,TAKEOFF,ROOM_FINISH,32.3096,m2,Площадь полигона (формула Гаусса),02_model/proposals/P78/p11-p78-vault-freezer-architecture.json,P78,ba3f6befaaa52a3dd9ddd19f9dff2e258c8c522d450532c9ef3c1023e109dfa2,/rooms/0,MEASURED_MODEL_GEOMETRY,QUANTITY_PREPARATION_AI_REVIEW_REQUIRED,"Горизонтальная проекция по номинальным граням, до выбора отделки/потолочного узла. Не включает все пороги.",,,,,,
P78-Q-WALLFACE-R01,P26-A-R01,"Стены до H3000, зона R01",TAKEOFF,ROOM_FINISH,49.488,m2,Периметр 26040 × H3000 − проёмы 28.632000 м²,02_model/proposals/P78/p11-p78-vault-freezer-architecture.json,P78,ba3f6befaaa52a3dd9ddd19f9dff2e258c8c522d450532c9ef3c1023e109dfa2,/rooms/0,GRAPHIC_HEIGHT_SCENARIO,QUANTITY_PREPARATION_AI_REVIEW_REQUIRED,"Одна открытая поверхность каждой стены комнаты. Откосы/торцы, слои, зоны плитки и скрытые участки не добавлены.",,,,,,
P78-Q-FLOOR-HALL,P26-A-HALL,Пол / проекция потолка HALL,TAKEOFF,ROOM_FINISH,6.1,m2,Площадь полигона (формула Гаусса),02_model/proposals/P78/p11-p78-vault-freezer-architecture.json,P78,ba3f6befaaa52a3dd9ddd19f9dff2e258c8c522d450532c9ef3c1023e109dfa2,/rooms/1,MEASURED_MODEL_GEOMETRY,QUANTITY_PREPARATION_AI_REVIEW_REQUIRED,"Горизонтальная проекция по номинальным граням, до выбора отделки/потолочного узла. Не включает все пороги.",,,,,,
P78-Q-WALLFACE-HALL,P26-A-HALL,"Стены до H3000, зона HALL",TAKEOFF,ROOM_FINISH,23.082,m2,Периметр 11120 × H3000 − проёмы 10.278000 м²,02_model/proposals/P78/p11-p78-vault-freezer-architecture.json,P78,ba3f6befaaa52a3dd9ddd19f9dff2e258c8c522d450532c9ef3c1023e109dfa2,/rooms/1,GRAPHIC_HEIGHT_SCENARIO,QUANTITY_PREPARATION_AI_REVIEW_REQUIRED,"Одна открытая поверхность каждой стены комнаты. Откосы/торцы, слои, зоны плитки и скрытые участки не добавлены.",,,,,,
P78-Q-FLOOR-R02,P26-A-R02,Пол / проекция потолка R02,TAKEOFF,ROOM_FINISH,5.888,m2,Площадь полигона (формула Гаусса),02_model/proposals/P78/p11-p78-vault-freezer-architecture.json,P78,ba3f6befaaa52a3dd9ddd19f9dff2e258c8c522d450532c9ef3c1023e109dfa2,/rooms/2,MEASURED_MODEL_GEOMETRY,QUANTITY_PREPARATION_AI_REVIEW_REQUIRED,"Горизонтальная проекция по номинальным граням, до выбора отделки/потолочного узла. Не включает все пороги.",,,,,,
P78-Q-WALLFACE-R02,P26-A-R02,"Стены до H3000, зона R02",TAKEOFF,ROOM_FINISH,27.63,m2,Периметр 10080 × H3000 − проёмы 2.610000 м²,02_model/proposals/P78/p11-p78-vault-freezer-architecture.json,P78,ba3f6befaaa52a3dd9ddd19f9dff2e258c8c522d450532c9ef3c1023e109dfa2,/rooms/2,GRAPHIC_HEIGHT_SCENARIO,QUANTITY_PREPARATION_AI_REVIEW_REQUIRED,"Одна открытая поверхность каждой стены комнаты. Откосы/торцы, слои, зоны плитки и скрытые участки не добавлены.",,,,,,
P78-Q-FLOOR-R03,P26-A-R03,Пол / проекция потолка R03,TAKEOFF,ROOM_FINISH,4.104,m2,Площадь полигона (формула Гаусса),02_model/proposals/P78/p11-p78-vault-freezer-architecture.json,P78,ba3f6befaaa52a3dd9ddd19f9dff2e258c8c522d450532c9ef3c1023e109dfa2,/rooms/3,MEASURED_MODEL_GEOMETRY,QUANTITY_PREPARATION_AI_REVIEW_REQUIRED,"Горизонтальная проекция по номинальным граням, до выбора отделки/потолочного узла. Не включает все пороги.",,,,,,
P78-Q-WALLFACE-R03,P26-A-R03,"Стены до H3000, зона R03",TAKEOFF,ROOM_FINISH,22.71,m2,Периметр 8440 × H3000 − проёмы 2.610000 м²,02_model/proposals/P78/p11-p78-vault-freezer-architecture.json,P78,ba3f6befaaa52a3dd9ddd19f9dff2e258c8c522d450532c9ef3c1023e109dfa2,/rooms/3,GRAPHIC_HEIGHT_SCENARIO,QUANTITY_PREPARATION_AI_REVIEW_REQUIRED,"Одна открытая поверхность каждой стены комнаты. Откосы/торцы, слои, зоны плитки и скрытые участки не добавлены.",,,,,,
P78-Q-FLOOR-R04,P26-A-R04,Пол / проекция потолка R04,TAKEOFF,ROOM_FINISH,14.616,m2,Площадь полигона (формула Гаусса),02_model/proposals/P78/p11-p78-vault-freezer-architecture.json,P78,ba3f6befaaa52a3dd9ddd19f9dff2e258c8c522d450532c9ef3c1023e109dfa2,/rooms/4,MEASURED_MODEL_GEOMETRY,QUANTITY_PREPARATION_AI_REVIEW_REQUIRED,"Горизонтальная проекция по номинальным граням, до выбора отделки/потолочного узла. Не включает все пороги.",,,,,,
P78-Q-WALLFACE-R04,P26-A-R04,"Стены до H3000, зона R04",TAKEOFF,ROOM_FINISH,38.34,m2,Периметр 15320 × H3000 − проёмы 7.620000 м²,02_model/proposals/P78/p11-p78-vault-freezer-architecture.json,P78,ba3f6befaaa52a3dd9ddd19f9dff2e258c8c522d450532c9ef3c1023e109dfa2,/rooms/4,GRAPHIC_HEIGHT_SCENARIO,QUANTITY_PREPARATION_AI_REVIEW_REQUIRED,"Одна открытая поверхность каждой стены комнаты. Откосы/торцы, слои, зоны плитки и скрытые участки не добавлены.",,,,,,
P78-Q-FLOOR-R05,P26-A-R05,Пол / проекция потолка R05,TAKEOFF,ROOM_FINISH,11.16,m2,Площадь полигона (формула Гаусса),02_model/proposals/P78/p11-p78-vault-freezer-architecture.json,P78,ba3f6befaaa52a3dd9ddd19f9dff2e258c8c522d450532c9ef3c1023e109dfa2,/rooms/5,MEASURED_MODEL_GEOMETRY,QUANTITY_PREPARATION_AI_REVIEW_REQUIRED,"Горизонтальная проекция по номинальным граням, до выбора отделки/потолочного узла. Не включает все пороги.",,,,,,
P78-Q-WALLFACE-R05,P26-A-R05,"Стены до H3000, зона R05",TAKEOFF,ROOM_FINISH,34.47,m2,Периметр 13400 × H3000 − проёмы 5.730000 м²,02_model/proposals/P78/p11-p78-vault-freezer-architecture.json,P78,ba3f6befaaa52a3dd9ddd19f9dff2e258c8c522d450532c9ef3c1023e109dfa2,/rooms/5,GRAPHIC_HEIGHT_SCENARIO,QUANTITY_PREPARATION_AI_REVIEW_REQUIRED,"Одна открытая поверхность каждой стены комнаты. Откосы/торцы, слои, зоны плитки и скрытые участки не добавлены.",,,,,,
P78-Q-FACADE-NORTH,FACADE-NORTH,Непрозрачная площадь фасада north,TAKEOFF,FACADE,31.668,m2,Брутто 38.148000 − номинальные проёмы 6.480000,02_model/proposals/P78/p11-p78-vault-freezer-architecture.json,P78,ba3f6befaaa52a3dd9ddd19f9dff2e258c8c522d450532c9ef3c1023e109dfa2,/opening_schedule,GRAPHIC_HEIGHT_SCENARIO,QUANTITY_PREPARATION_AI_REVIEW_REQUIRED,"Наружная плоскость, без откосов/возвратов; южная щека террасы отдельно. ЦСП только часть, разбиение неизвестно.",,,,,,
P78-Q-FACADE-SOUTH,FACADE-SOUTH,Непрозрачная площадь фасада south,TAKEOFF,FACADE,30.468,m2,Брутто 38.148000 − номинальные проёмы 7.680000,02_model/proposals/P78/p11-p78-vault-freezer-architecture.json,P78,ba3f6befaaa52a3dd9ddd19f9dff2e258c8c522d450532c9ef3c1023e109dfa2,/opening_schedule,GRAPHIC_HEIGHT_SCENARIO,QUANTITY_PREPARATION_AI_REVIEW_REQUIRED,"Наружная плоскость, без откосов/возвратов; южная щека террасы отдельно. ЦСП только часть, разбиение неизвестно.",,,,,,
P78-Q-FACADE-WEST,FACADE-WEST,Непрозрачная площадь фасада west,TAKEOFF,FACADE,13.764,m2,Брутто 33.864000 − номинальные проёмы 20.100000,02_model/proposals/P78/p11-p78-vault-freezer-architecture.json,P78,ba3f6befaaa52a3dd9ddd19f9dff2e258c8c522d450532c9ef3c1023e109dfa2,/opening_schedule,GRAPHIC_HEIGHT_SCENARIO,QUANTITY_PREPARATION_AI_REVIEW_REQUIRED,"Наружная плоскость, без откосов/возвратов; южная щека террасы отдельно. ЦСП только часть, разбиение неизвестно.",,,,,,
P78-Q-FACADE-EAST,FACADE-EAST,Непрозрачная площадь фасада east,TAKEOFF,FACADE,32.424,m2,Брутто 33.864000 − номинальные проёмы 1.440000,02_model/proposals/P78/p11-p78-vault-freezer-architecture.json,P78,ba3f6befaaa52a3dd9ddd19f9dff2e258c8c522d450532c9ef3c1023e109dfa2,/opening_schedule,GRAPHIC_HEIGHT_SCENARIO,QUANTITY_PREPARATION_AI_REVIEW_REQUIRED,"Наружная плоскость, без откосов/возвратов; южная щека террасы отдельно. ЦСП только часть, разбиение неизвестно.",,,,,,
P78-Q-OPEN-D02,D02,Номинальная площадь проёма D02,TAKEOFF,OPENINGS,2.88,m2,1200 × (2400−0) / 10^6,02_model/proposals/P78/p11-p78-vault-freezer-architecture.json,P78,ba3f6befaaa52a3dd9ddd19f9dff2e258c8c522d450532c9ef3c1023e109dfa2,/opening_schedule/0,GRAPHIC_HEIGHT_SCENARIO,QUANTITY_PREPARATION_AI_REVIEW_REQUIRED,Не площадь стекла и не заказная площадь блока.,,,,,,
P78-Q-OPEN-W06,W06,Номинальная площадь проёма W06,TAKEOFF,OPENINGS,1.44,m2,1200 × (2200−1000) / 10^6,02_model/proposals/P78/p11-p78-vault-freezer-architecture.json,P78,ba3f6befaaa52a3dd9ddd19f9dff2e258c8c522d450532c9ef3c1023e109dfa2,/opening_schedule/1,GRAPHIC_HEIGHT_SCENARIO,QUANTITY_PREPARATION_AI_REVIEW_REQUIRED,Не площадь стекла и не заказная площадь блока.,,,,,,
P78-Q-OPEN-D01,D01,Номинальная площадь проёма D01,TAKEOFF,OPENINGS,2.16,m2,900 × (2400−0) / 10^6,02_model/proposals/P78/p11-p78-vault-freezer-architecture.json,P78,ba3f6befaaa52a3dd9ddd19f9dff2e258c8c522d450532c9ef3c1023e109dfa2,/opening_schedule/2,GRAPHIC_HEIGHT_SCENARIO,QUANTITY_PREPARATION_AI_REVIEW_REQUIRED,Не площадь стекла и не заказная площадь блока.,,,,,,
P78-Q-OPEN-W03,W03,Номинальная площадь проёма W03,TAKEOFF,OPENINGS,0.72,m2,800 × (2900−2000) / 10^6,02_model/proposals/P78/p11-p78-vault-freezer-architecture.json,P78,ba3f6befaaa52a3dd9ddd19f9dff2e258c8c522d450532c9ef3c1023e109dfa2,/opening_schedule/3,GRAPHIC_HEIGHT_SCENARIO,QUANTITY_PREPARATION_AI_REVIEW_REQUIRED,Не площадь стекла и не заказная площадь блока.,,,,,,
P78-Q-OPEN-W04,W04,Номинальная площадь проёма W04,TAKEOFF,OPENINGS,0.72,m2,800 × (2900−2000) / 10^6,02_model/proposals/P78/p11-p78-vault-freezer-architecture.json,P78,ba3f6befaaa52a3dd9ddd19f9dff2e258c8c522d450532c9ef3c1023e109dfa2,/opening_schedule/4,GRAPHIC_HEIGHT_SCENARIO,QUANTITY_PREPARATION_AI_REVIEW_REQUIRED,Не площадь стекла и не заказная площадь блока.,,,,,,
P78-Q-OPEN-W05,W05,Номинальная площадь проёма W05,TAKEOFF,OPENINGS,3.84,m2,1600 × (2400−0) / 10^6,02_model/proposals/P78/p11-p78-vault-freezer-architecture.json,P78,ba3f6befaaa52a3dd9ddd19f9dff2e258c8c522d450532c9ef3c1023e109dfa2,/opening_schedule/5,GRAPHIC_HEIGHT_SCENARIO,QUANTITY_PREPARATION_AI_REVIEW_REQUIRED,Не площадь стекла и не заказная площадь блока.,,,,,,
P78-Q-OPEN-W02,W02,Номинальная площадь проёма W02,TAKEOFF,OPENINGS,3.84,m2,1600 × (2400−0) / 10^6,02_model/proposals/P78/p11-p78-vault-freezer-architecture.json,P78,ba3f6befaaa52a3dd9ddd19f9dff2e258c8c522d450532c9ef3c1023e109dfa2,/opening_schedule/6,GRAPHIC_HEIGHT_SCENARIO,QUANTITY_PREPARATION_AI_REVIEW_REQUIRED,Не площадь стекла и не заказная площадь блока.,,,,,,
P78-Q-OPEN-W01,W01,Номинальная площадь проёма W01,TAKEOFF,OPENINGS,20.1,m2,6700 × (3000−0) / 10^6,02_model/proposals/P78/p11-p78-vault-freezer-architecture.json,P78,ba3f6befaaa52a3dd9ddd19f9dff2e258c8c522d450532c9ef3c1023e109dfa2,/opening_schedule/7,GRAPHIC_HEIGHT_SCENARIO,QUANTITY_PREPARATION_AI_REVIEW_REQUIRED,Не площадь стекла и не заказная площадь блока.,,,,,,
P78-Q-ROOF-PLAN,ROOF-MAIN,Основная крыша: горизонтальная проекция,TAKEOFF,ROOF,114.7296,m2,14060 × 8160 / 10^6,02_model/proposals/P78/p11-p78-vault-freezer-architecture.json,P78,ba3f6befaaa52a3dd9ddd19f9dff2e258c8c522d450532c9ef3c1023e109dfa2,/roof/plan_rect_mm,MEASURED_MODEL_GEOMETRY,QUANTITY_PREPARATION_AI_REVIEW_REQUIRED,,,,,,,
P78-Q-ROOF-SLOPES,ROOF-MAIN,Основная крыша: два графических ската,TAKEOFF,ROOF,124.2904,m2,2 × 14060 × sqrt((8160/2)^2 + 1700^2) / 10^6,02_model/proposals/P78/p11-p78-vault-freezer-architecture.json,P78,ba3f6befaaa52a3dd9ddd19f9dff2e258c8c522d450532c9ef3c1023e109dfa2,/roof,GRAPHIC_HEIGHT_SCENARIO,QUANTITY_PREPARATION_AI_REVIEW_REQUIRED,"Не вычтены неизвестные проходки. Без фальцев, нахлёстов, свесов сверх модели, обрезков и доборов.",,,,,,
P78-Q-ROOF-SLOPE-LENGTH,ROOF-MAIN,Длина графического ската,TAKEOFF,ROOF,4.42,m,sqrt((8160/2)^2+1700^2)/1000,02_model/proposals/P78/p11-p78-vault-freezer-architecture.json,P78,ba3f6befaaa52a3dd9ddd19f9dff2e258c8c522d450532c9ef3c1023e109dfa2,/roof,GRAPHIC_HEIGHT_SCENARIO,QUANTITY_PREPARATION_AI_REVIEW_REQUIRED,,,,,,,
P78-Q-ROOF-RIDGE,ROOF-MAIN,Конёк геометрический,TAKEOFF,ROOF,14.06,m,14060/1000,02_model/proposals/P78/p11-p78-vault-freezer-architecture.json,P78,ba3f6befaaa52a3dd9ddd19f9dff2e258c8c522d450532c9ef3c1023e109dfa2,/roof/ridge_axis_xy_mm,MEASURED_MODEL_GEOMETRY,QUANTITY_PREPARATION_AI_REVIEW_REQUIRED,,,,,,,
P78-Q-ROOF-EAVES,ROOF-MAIN,Сумма двух нижних кромок,TAKEOFF,ROOF,28.12,m,2 × 14060/1000,02_model/proposals/P78/p11-p78-vault-freezer-architecture.json,P78,ba3f6befaaa52a3dd9ddd19f9dff2e258c8c522d450532c9ef3c1023e109dfa2,/roof/plan_rect_mm,MEASURED_MODEL_GEOMETRY,QUANTITY_PREPARATION_AI_REVIEW_REQUIRED,Не подтверждает две линии водостока.,,,,,,
P78-Q-ROOF-VERGES,ROOF-MAIN,Четыре наклонные торцевые кромки,TAKEOFF,ROOF,17.68,m,4 × 4420.0/1000,02_model/proposals/P78/p11-p78-vault-freezer-architecture.json,P78,ba3f6befaaa52a3dd9ddd19f9dff2e258c8c522d450532c9ef3c1023e109dfa2,/roof,GRAPHIC_HEIGHT_SCENARIO,QUANTITY_PREPARATION_AI_REVIEW_REQUIRED,,,,,,,
P78-Q-CANOPY-PLAN,CANOPY-N,Навес: проекция,TAKEOFF,ROOF,71.834,m2,14660 × 4900 / 10^6,02_model/proposals/P78/p11-p78-vault-freezer-architecture.json,P78,ba3f6befaaa52a3dd9ddd19f9dff2e258c8c522d450532c9ef3c1023e109dfa2,/canopy/rect_mm,MEASURED_MODEL_GEOMETRY,QUANTITY_PREPARATION_AI_REVIEW_REQUIRED,Реальная площадь односкатной кровли неизвестна до назначения уклона.,,,,,,
P78-Q-LOUNGE-FLOOR,LOUNGE,Лаундж: граница плиточного пола,TAKEOFF,LOUNGE,41.16,m2,8400 × 4900 / 10^6,02_model/proposals/P78/p11-p78-vault-freezer-architecture.json,P78,ba3f6befaaa52a3dd9ddd19f9dff2e258c8c522d450532c9ef3c1023e109dfa2,/lounge/rect_mm,MEASURED_MODEL_GEOMETRY,QUANTITY_PREPARATION_AI_REVIEW_REQUIRED,"До вычета выбранных встроенных зон, швов и пирога; не площадь контура тёплого пола.",,,,,,
P78-Q-TERRACE-TOTAL,TERRACE,"Все контуры террас, включая лаундж",TAKEOFF,TERRACE,100.934,m2,Объединение непересекающихся прямоугольников,02_model/proposals/P78/p11-p78-vault-freezer-architecture.json,P78,ba3f6befaaa52a3dd9ddd19f9dff2e258c8c522d450532c9ef3c1023e109dfa2,/terrace,MEASURED_MODEL_GEOMETRY,QUANTITY_PREPARATION_AI_REVIEW_REQUIRED,Не суммировать с LOunge-floor и terrace-open.,,,,,,
P78-Q-TERRACE-OPEN,TERRACE,Открытая часть террас вне лаунджа,TAKEOFF,TERRACE,59.774,m2,Общая граница террас − 41.16,02_model/proposals/P78/p11-p78-vault-freezer-architecture.json,P78,ba3f6befaaa52a3dd9ddd19f9dff2e258c8c522d450532c9ef3c1023e109dfa2,/terrace,MEASURED_MODEL_GEOMETRY,QUANTITY_PREPARATION_AI_REVIEW_REQUIRED,Участок открытого огня требует отдельного негорючего решения; не весь контур назначен деревом.,,,,,,
P78-Q-SOUTH-CHEEK,SOUTH-CHEEK,"Южная щека террасы, одна плоскость",TAKEOFF,FACADE,8.25,m2,2500 × 3300 / 10^6,02_model/proposals/P78/p11-p78-vault-freezer-architecture.json,P78,ba3f6befaaa52a3dd9ddd19f9dff2e258c8c522d450532c9ef3c1023e109dfa2,/roof/south_cheek,GRAPHIC_HEIGHT_SCENARIO,QUANTITY_PREPARATION_AI_REVIEW_REQUIRED,"Толщина, материал, обе отделочные стороны и роль опоры не назначены.",,,,,,
P78-Q-LOUNGE-GLASS,LOUNGE-NW,Северная и западная границы остекления,TAKEOFF,GLAZING,39.102,m2,(8400 + 4900) × 2940 / 10^6,02_model/proposals/P78/p11-p78-vault-freezer-architecture.json,P78,ba3f6befaaa52a3dd9ddd19f9dff2e258c8c522d450532c9ef3c1023e109dfa2,/levels,GRAPHIC_HEIGHT_SCENARIO,QUANTITY_PREPARATION_AI_REVIEW_REQUIRED,"Включая дверные зоны; не чистое стекло. Стойки, профиль, монтаж и раскладка не вычтены.",,,,,,
P78-Q-LOUNGE-EAST,LOUNGE-EAST,Глухая восточная плоскость лаунджа,TAKEOFF,LOUNGE,14.406,m2,4900 × 2940 / 10^6,02_model/proposals/P78/p11-p78-vault-freezer-architecture.json,P78,ba3f6befaaa52a3dd9ddd19f9dff2e258c8c522d450532c9ef3c1023e109dfa2,/levels,GRAPHIC_HEIGHT_SCENARIO,QUANTITY_PREPARATION_AI_REVIEW_REQUIRED,Одна сторона до окончательного примыкания к наклонному навесу.,,,,,,
P78-Q-CEIL-VAULT,P78-CLG-VAULT,Подшивка скатов гостиной,TAKEOFF,ROOM_FINISH,25.514667,m2,23.552 × sqrt(4080²+1700²)/4080,02_model/proposals/P78/p11-p78-vault-freezer-architecture.json,P78,ba3f6befaaa52a3dd9ddd19f9dff2e258c8c522d450532c9ef3c1023e109dfa2,/ceiling_design,GRAPHIC_HEIGHT_SCENARIO,QUANTITY_PREPARATION_AI_REVIEW_REQUIRED,"Чистая графическая поверхность, без вычета балок и запаса; не утепление.",,,,,,
P78-Q-CEIL-FLAT,P78-CLG-FLAT,Плоские потолки: зоны комнат,TAKEOFF,ROOM_FINISH,50.6256,m2,74.1776 − 23.552,02_model/proposals/P78/p11-p78-vault-freezer-architecture.json,P78,ba3f6befaaa52a3dd9ddd19f9dff2e258c8c522d450532c9ef3c1023e109dfa2,/ceiling_design,GRAPHIC_HEIGHT_SCENARIO,QUANTITY_PREPARATION_AI_REVIEW_REQUIRED,"Проекции комнат без порогов, откосов и служебных полостей.",,,,,,
P78-Q-WALL-VAULT-HIGH,P78-VAULT-UPPER,Верхние плоскости свода >3 м,TAKEOFF,ROOM_FINISH,13.749333,m2,2 × 7.36 × средняя высота выше3м + 2 × 3.2 × краевая высота,02_model/proposals/P78/p11-p78-vault-freezer-architecture.json,P78,ba3f6befaaa52a3dd9ddd19f9dff2e258c8c522d450532c9ef3c1023e109dfa2,/ceiling_design,GRAPHIC_HEIGHT_SCENARIO,QUANTITY_PREPARATION_AI_REVIEW_REQUIRED,"Одна обращённая в гостиную сторона; добавка к WALLFACE-R01 H3000, не повторный обмер стен. Толщины/обратная сторона перехода TBC.",,,,,,
P78-Q-SITE-EARTH,SITE-EARTH,Земляные работы / вывоз / замена грунта,TAKEOFF,SITE,,m3,После рабочего решения: измерить по спецификации изделий / раскрою; сейчас TBC,02_model/proposals/P78/p11-p78-vault-freezer-architecture.json,P78,ba3f6befaaa52a3dd9ddd19f9dff2e258c8c522d450532c9ef3c1023e109dfa2,/,BLOCKING_TBC_NOT_MEASURED,QUANTITY_PREPARATION_AI_REVIEW_REQUIRED,Не нулевая стоимость; не включено в измеренный итог. Подрядчик обязан раскрыть состав и основание количества.,,,,,,
P78-Q-FOUND-CONCRETE,FOUND-CONCRETE,Бетон фундамента и подбетонка,TAKEOFF,FOUNDATION,,m3,После рабочего решения: измерить по спецификации изделий / раскрою; сейчас TBC,02_model/proposals/P78/p11-p78-vault-freezer-architecture.json,P78,ba3f6befaaa52a3dd9ddd19f9dff2e258c8c522d450532c9ef3c1023e109dfa2,/,BLOCKING_TBC_NOT_MEASURED,QUANTITY_PREPARATION_AI_REVIEW_REQUIRED,Не нулевая стоимость; не включено в измеренный итог. Подрядчик обязан раскрыть состав и основание количества.,,,,,,
P78-Q-FOUND-REBAR,FOUND-REBAR,Арматура / анкеры фундамента,TAKEOFF,FOUNDATION,,kg,После рабочего решения: измерить по спецификации изделий / раскрою; сейчас TBC,02_model/proposals/P78/p11-p78-vault-freezer-architecture.json,P78,ba3f6befaaa52a3dd9ddd19f9dff2e258c8c522d450532c9ef3c1023e109dfa2,/,BLOCKING_TBC_NOT_MEASURED,QUANTITY_PREPARATION_AI_REVIEW_REQUIRED,Не нулевая стоимость; не включено в измеренный итог. Подрядчик обязан раскрыть состав и основание количества.,,,,,,
P78-Q-FOUND-PILES,FOUND-PILES,"Сваи, длины и оголовки",TAKEOFF,FOUNDATION,,pcs,После рабочего решения: измерить по спецификации изделий / раскрою; сейчас TBC,02_model/proposals/P78/p11-p78-vault-freezer-architecture.json,P78,ba3f6befaaa52a3dd9ddd19f9dff2e258c8c522d450532c9ef3c1023e109dfa2,/,BLOCKING_TBC_NOT_MEASURED,QUANTITY_PREPARATION_AI_REVIEW_REQUIRED,Не нулевая стоимость; не включено в измеренный итог. Подрядчик обязан раскрыть состав и основание количества.,,,,,,
P78-Q-FLOOR-BUILDUP,FLOOR-BUILDUP,Пирог пола / утепление / гидроизоляция,TAKEOFF,FLOOR,,m3,После рабочего решения: измерить по спецификации изделий / раскрою; сейчас TBC,02_model/proposals/P78/p11-p78-vault-freezer-architecture.json,P78,ba3f6befaaa52a3dd9ddd19f9dff2e258c8c522d450532c9ef3c1023e109dfa2,/,BLOCKING_TBC_NOT_MEASURED,QUANTITY_PREPARATION_AI_REVIEW_REQUIRED,Не нулевая стоимость; не включено в измеренный итог. Подрядчик обязан раскрыть состав и основание количества.,,,,,,
P78-Q-FRAME-TIMBER,FRAME-TIMBER,"Каркас: стойки, обвязки, перемычки, балки",TAKEOFF,FRAME,,m3,После рабочего решения: измерить по спецификации изделий / раскрою; сейчас TBC,02_model/proposals/P78/p11-p78-vault-freezer-architecture.json,P78,ba3f6befaaa52a3dd9ddd19f9dff2e258c8c522d450532c9ef3c1023e109dfa2,/,BLOCKING_TBC_NOT_MEASURED,QUANTITY_PREPARATION_AI_REVIEW_REQUIRED,Не нулевая стоимость; не включено в измеренный итог. Подрядчик обязан раскрыть состав и основание количества.,,,,,,
P78-Q-FRAME-CONNECT,FRAME-CONNECT,"Соединители, крепёж, hold-down и анкеры",TAKEOFF,FRAME,,pcs,После рабочего решения: измерить по спецификации изделий / раскрою; сейчас TBC,02_model/proposals/P78/p11-p78-vault-freezer-architecture.json,P78,ba3f6befaaa52a3dd9ddd19f9dff2e258c8c522d450532c9ef3c1023e109dfa2,/,BLOCKING_TBC_NOT_MEASURED,QUANTITY_PREPARATION_AI_REVIEW_REQUIRED,Не нулевая стоимость; не включено в измеренный итог. Подрядчик обязан раскрыть состав и основание количества.,,,,,,
P78-Q-FRAME-SHEATH,FRAME-SHEATH,Конструкционная обшивка / диафрагмы,TAKEOFF,FRAME,,m2,После рабочего решения: измерить по спецификации изделий / раскрою; сейчас TBC,02_model/proposals/P78/p11-p78-vault-freezer-architecture.json,P78,ba3f6befaaa52a3dd9ddd19f9dff2e258c8c522d450532c9ef3c1023e109dfa2,/,BLOCKING_TBC_NOT_MEASURED,QUANTITY_PREPARATION_AI_REVIEW_REQUIRED,Не нулевая стоимость; не включено в измеренный итог. Подрядчик обязан раскрыть состав и основание количества.,,,,,,
P78-Q-WALL-INSUL,WALL-INSUL,Утепление наружной стены по каждому слою,TAKEOFF,ENVELOPE,,m3,После рабочего решения: измерить по спецификации изделий / раскрою; сейчас TBC,02_model/proposals/P78/p11-p78-vault-freezer-architecture.json,P78,ba3f6befaaa52a3dd9ddd19f9dff2e258c8c522d450532c9ef3c1023e109dfa2,/,BLOCKING_TBC_NOT_MEASURED,QUANTITY_PREPARATION_AI_REVIEW_REQUIRED,Не нулевая стоимость; не включено в измеренный итог. Подрядчик обязан раскрыть состав и основание количества.,,,,,,
P78-Q-PART-ECOWOOL,PART-ECOWOOL,Эковата перегородок: объём / масса,TAKEOFF,PARTITIONS,,kg,После рабочего решения: измерить по спецификации изделий / раскрою; сейчас TBC,02_model/proposals/P78/p11-p78-vault-freezer-architecture.json,P78,ba3f6befaaa52a3dd9ddd19f9dff2e258c8c522d450532c9ef3c1023e109dfa2,/,BLOCKING_TBC_NOT_MEASURED,QUANTITY_PREPARATION_AI_REVIEW_REQUIRED,Не нулевая стоимость; не включено в измеренный итог. Подрядчик обязан раскрыть состав и основание количества.,,,,,,
P78-Q-PART-LINING,PART-LINING,Облицовки перегородок по слоям / мокрые добавки,TAKEOFF,PARTITIONS,,m2,После рабочего решения: измерить по спецификации изделий / раскрою; сейчас TBC,02_model/proposals/P78/p11-p78-vault-freezer-architecture.json,P78,ba3f6befaaa52a3dd9ddd19f9dff2e258c8c522d450532c9ef3c1023e109dfa2,/,BLOCKING_TBC_NOT_MEASURED,QUANTITY_PREPARATION_AI_REVIEW_REQUIRED,Не нулевая стоимость; не включено в измеренный итог. Подрядчик обязан раскрыть состав и основание количества.,,,,,,
P78-Q-AIR-VAPOUR,AIR-VAPOUR,"Воздушный и парорегулирующий слои, ленты",TAKEOFF,ENVELOPE,,m2,После рабочего решения: измерить по спецификации изделий / раскрою; сейчас TBC,02_model/proposals/P78/p11-p78-vault-freezer-architecture.json,P78,ba3f6befaaa52a3dd9ddd19f9dff2e258c8c522d450532c9ef3c1023e109dfa2,/,BLOCKING_TBC_NOT_MEASURED,QUANTITY_PREPARATION_AI_REVIEW_REQUIRED,Не нулевая стоимость; не включено в измеренный итог. Подрядчик обязан раскрыть состав и основание количества.,,,,,,
P78-Q-FACADE-CSP,FACADE-CSP,"Окрашенная ЦСП: листы, толщина, раскрой",TAKEOFF,FACADE,,m2,После рабочего решения: измерить по спецификации изделий / раскрою; сейчас TBC,02_model/proposals/P78/p11-p78-vault-freezer-architecture.json,P78,ba3f6befaaa52a3dd9ddd19f9dff2e258c8c522d450532c9ef3c1023e109dfa2,/,BLOCKING_TBC_NOT_MEASURED,QUANTITY_PREPARATION_AI_REVIEW_REQUIRED,Не нулевая стоимость; не включено в измеренный итог. Подрядчик обязан раскрыть состав и основание количества.,,,,,,
P78-Q-FACADE-PAINT,FACADE-PAINT,Грунт / краска / кромки ЦСП,TAKEOFF,FACADE,,l,После рабочего решения: измерить по спецификации изделий / раскрою; сейчас TBC,02_model/proposals/P78/p11-p78-vault-freezer-architecture.json,P78,ba3f6befaaa52a3dd9ddd19f9dff2e258c8c522d450532c9ef3c1023e109dfa2,/,BLOCKING_TBC_NOT_MEASURED,QUANTITY_PREPARATION_AI_REVIEW_REQUIRED,Не нулевая стоимость; не включено в измеренный итог. Подрядчик обязан раскрыть состав и основание количества.,,,,,,
P78-Q-FACADE-SUBFRAME,FACADE-SUBFRAME,"Вентфасад: подконструкция, зазор, крепёж",TAKEOFF,FACADE,,m,После рабочего решения: измерить по спецификации изделий / раскрою; сейчас TBC,02_model/proposals/P78/p11-p78-vault-freezer-architecture.json,P78,ba3f6befaaa52a3dd9ddd19f9dff2e258c8c522d450532c9ef3c1023e109dfa2,/,BLOCKING_TBC_NOT_MEASURED,QUANTITY_PREPARATION_AI_REVIEW_REQUIRED,Не нулевая стоимость; не включено в измеренный итог. Подрядчик обязан раскрыть состав и основание количества.,,,,,,
P78-Q-FACADE-OTHER,FACADE-OTHER,Остальные фасадные зоны и доборы,TAKEOFF,FACADE,,m2,После рабочего решения: измерить по спецификации изделий / раскрою; сейчас TBC,02_model/proposals/P78/p11-p78-vault-freezer-architecture.json,P78,ba3f6befaaa52a3dd9ddd19f9dff2e258c8c522d450532c9ef3c1023e109dfa2,/,BLOCKING_TBC_NOT_MEASURED,QUANTITY_PREPARATION_AI_REVIEW_REQUIRED,Не нулевая стоимость; не включено в измеренный итог. Подрядчик обязан раскрыть состав и основание количества.,,,,,,
P78-Q-ROOF-TIMBER,ROOF-TIMBER,Стропила / фермы / балки / связи крыши,TAKEOFF,ROOF,,m3,После рабочего решения: измерить по спецификации изделий / раскрою; сейчас TBC,02_model/proposals/P78/p11-p78-vault-freezer-architecture.json,P78,ba3f6befaaa52a3dd9ddd19f9dff2e258c8c522d450532c9ef3c1023e109dfa2,/,BLOCKING_TBC_NOT_MEASURED,QUANTITY_PREPARATION_AI_REVIEW_REQUIRED,Не нулевая стоимость; не включено в измеренный итог. Подрядчик обязан раскрыть состав и основание количества.,,,,,,
P78-Q-ROOF-FALZ,ROOF-FALZ,Картины фальца с замками и раскроем,TAKEOFF,ROOF,,m2,После рабочего решения: измерить по спецификации изделий / раскрою; сейчас TBC,02_model/proposals/P78/p11-p78-vault-freezer-architecture.json,P78,ba3f6befaaa52a3dd9ddd19f9dff2e258c8c522d450532c9ef3c1023e109dfa2,/,BLOCKING_TBC_NOT_MEASURED,QUANTITY_PREPARATION_AI_REVIEW_REQUIRED,Не нулевая стоимость; не включено в измеренный итог. Подрядчик обязан раскрыть состав и основание количества.,,,,,,
P78-Q-ROOF-BASE,ROOF-BASE,Основание фальца / обрешётка / подкладка,TAKEOFF,ROOF,,m2,После рабочего решения: измерить по спецификации изделий / раскрою; сейчас TBC,02_model/proposals/P78/p11-p78-vault-freezer-architecture.json,P78,ba3f6befaaa52a3dd9ddd19f9dff2e258c8c522d450532c9ef3c1023e109dfa2,/,BLOCKING_TBC_NOT_MEASURED,QUANTITY_PREPARATION_AI_REVIEW_REQUIRED,Не нулевая стоимость; не включено в измеренный итог. Подрядчик обязан раскрыть состав и основание количества.,,,,,,
P78-Q-ROOF-INSUL,ROOF-INSUL,Утепление: плоские зоны + скаты гостиной,TAKEOFF,ROOF,,m3,После рабочего решения: измерить по спецификации изделий / раскрою; сейчас TBC,02_model/proposals/P78/p11-p78-vault-freezer-architecture.json,P78,ba3f6befaaa52a3dd9ddd19f9dff2e258c8c522d450532c9ef3c1023e109dfa2,/,BLOCKING_TBC_NOT_MEASURED,QUANTITY_PREPARATION_AI_REVIEW_REQUIRED,Не нулевая стоимость; не включено в измеренный итог. Подрядчик обязан раскрыть состав и основание количества.,,,,,,
P78-Q-ROOF-ACCESS,ROOF-ACCESS,Кляммеры / снегозадержатели / проходки,TAKEOFF,ROOF,,pcs,После рабочего решения: измерить по спецификации изделий / раскрою; сейчас TBC,02_model/proposals/P78/p11-p78-vault-freezer-architecture.json,P78,ba3f6befaaa52a3dd9ddd19f9dff2e258c8c522d450532c9ef3c1023e109dfa2,/,BLOCKING_TBC_NOT_MEASURED,QUANTITY_PREPARATION_AI_REVIEW_REQUIRED,Не нулевая стоимость; не включено в измеренный итог. Подрядчик обязан раскрыть состав и основание количества.,,,,,,
P78-Q-ROOF-DRAIN,ROOF-DRAIN,Основной и аварийный водоотвод,TAKEOFF,ROOF,,m,После рабочего решения: измерить по спецификации изделий / раскрою; сейчас TBC,02_model/proposals/P78/p11-p78-vault-freezer-architecture.json,P78,ba3f6befaaa52a3dd9ddd19f9dff2e258c8c522d450532c9ef3c1023e109dfa2,/,BLOCKING_TBC_NOT_MEASURED,QUANTITY_PREPARATION_AI_REVIEW_REQUIRED,Не нулевая стоимость; не включено в измеренный итог. Подрядчик обязан раскрыть состав и основание количества.,,,,,,
P78-Q-CANOPY-FINISH,CANOPY-FINISH,"Навес: реальный скат, конструкция, водоотвод",TAKEOFF,CANOPY,,m2,После рабочего решения: измерить по спецификации изделий / раскрою; сейчас TBC,02_model/proposals/P78/p11-p78-vault-freezer-architecture.json,P78,ba3f6befaaa52a3dd9ddd19f9dff2e258c8c522d450532c9ef3c1023e109dfa2,/,BLOCKING_TBC_NOT_MEASURED,QUANTITY_PREPARATION_AI_REVIEW_REQUIRED,Не нулевая стоимость; не включено в измеренный итог. Подрядчик обязан раскрыть состав и основание количества.,,,,,,
P78-Q-WINDOW-ORDER,WINDOW-ORDER,"Окна/двери: изделия, монтаж, подоконники",TAKEOFF,OPENINGS,,pcs,После рабочего решения: измерить по спецификации изделий / раскрою; сейчас TBC,02_model/proposals/P78/p11-p78-vault-freezer-architecture.json,P78,ba3f6befaaa52a3dd9ddd19f9dff2e258c8c522d450532c9ef3c1023e109dfa2,/,BLOCKING_TBC_NOT_MEASURED,QUANTITY_PREPARATION_AI_REVIEW_REQUIRED,Не нулевая стоимость; не включено в измеренный итог. Подрядчик обязан раскрыть состав и основание количества.,,,,,,
P78-Q-LOUNGE-GLAZING,LOUNGE-GLAZING,Открываемое остекление лаунджа с профилем,TAKEOFF,GLAZING,,m2,После рабочего решения: измерить по спецификации изделий / раскрою; сейчас TBC,02_model/proposals/P78/p11-p78-vault-freezer-architecture.json,P78,ba3f6befaaa52a3dd9ddd19f9dff2e258c8c522d450532c9ef3c1023e109dfa2,/,BLOCKING_TBC_NOT_MEASURED,QUANTITY_PREPARATION_AI_REVIEW_REQUIRED,Не нулевая стоимость; не включено в измеренный итог. Подрядчик обязан раскрыть состав и основание количества.,,,,,,
P78-Q-STOVE-MASONRY,STOVE-MASONRY,"Печь: кирпич, шамот, растворы, дверца, дымоход",TAKEOFF,STOVE,,pcs,После рабочего решения: измерить по спецификации изделий / раскрою; сейчас TBC,02_model/proposals/P78/p11-p78-vault-freezer-architecture.json,P78,ba3f6befaaa52a3dd9ddd19f9dff2e258c8c522d450532c9ef3c1023e109dfa2,/,BLOCKING_TBC_NOT_MEASURED,QUANTITY_PREPARATION_AI_REVIEW_REQUIRED,Не нулевая стоимость; не включено в измеренный итог. Подрядчик обязан раскрыть состав и основание количества.,,,,,,
P78-Q-LOUNGE-HEAT,LOUNGE-HEAT,"Контуры, трубы, узел теплоносителя, автоматика",TAKEOFF,MEP,,m,После рабочего решения: измерить по спецификации изделий / раскрою; сейчас TBC,02_model/proposals/P78/p11-p78-vault-freezer-architecture.json,P78,ba3f6befaaa52a3dd9ddd19f9dff2e258c8c522d450532c9ef3c1023e109dfa2,/,BLOCKING_TBC_NOT_MEASURED,QUANTITY_PREPARATION_AI_REVIEW_REQUIRED,Не нулевая стоимость; не включено в измеренный итог. Подрядчик обязан раскрыть состав и основание количества.,,,,,,
P78-Q-MEP-CABLES,MEP-CABLES,"Кабели, щит, защиты, трассы, освещение",TAKEOFF,MEP,,m,После рабочего решения: измерить по спецификации изделий / раскрою; сейчас TBC,02_model/proposals/P78/p11-p78-vault-freezer-architecture.json,P78,ba3f6befaaa52a3dd9ddd19f9dff2e258c8c522d450532c9ef3c1023e109dfa2,/,BLOCKING_TBC_NOT_MEASURED,QUANTITY_PREPARATION_AI_REVIEW_REQUIRED,Не нулевая стоимость; не включено в измеренный итог. Подрядчик обязан раскрыть состав и основание количества.,,,,,,
P78-Q-MEP-PIPES,MEP-PIPES,"Вода, канализация, отопление, вентиляция",TAKEOFF,MEP,,m,После рабочего решения: измерить по спецификации изделий / раскрою; сейчас TBC,02_model/proposals/P78/p11-p78-vault-freezer-architecture.json,P78,ba3f6befaaa52a3dd9ddd19f9dff2e258c8c522d450532c9ef3c1023e109dfa2,/,BLOCKING_TBC_NOT_MEASURED,QUANTITY_PREPARATION_AI_REVIEW_REQUIRED,Не нулевая стоимость; не включено в измеренный итог. Подрядчик обязан раскрыть состав и основание количества.,,,,,,
P78-Q-TEMP-WORKS,TEMP-WORKS,"Леса, временные связи, доставка, подъём, защита",TAKEOFF,PRELIMS,,set,После рабочего решения: измерить по спецификации изделий / раскрою; сейчас TBC,02_model/proposals/P78/p11-p78-vault-freezer-architecture.json,P78,ba3f6befaaa52a3dd9ddd19f9dff2e258c8c522d450532c9ef3c1023e109dfa2,/,BLOCKING_TBC_NOT_MEASURED,QUANTITY_PREPARATION_AI_REVIEW_REQUIRED,Не нулевая стоимость; не включено в измеренный итог. Подрядчик обязан раскрыть состав и основание количества.,,,,,,
