tag,object_id,room_id,name_ru,x_mm,y_mm,size_x_mm,size_y_mm,height_mm,z_min_mm,z_max_mm,role,dimension_status,source_path,source_pointer
F01,P26-A-HALL-ST,P26-A-HALL,ШКАФ ПРИХОЖЕЙ 2380,5960,400,600,2380,,,,physical,NOMINAL_COORDINATION_ENVELOPE_NOT_SELECTED_PRODUCT,04_documents/work-in-progress/P75/PROJECT/p75-furniture-inventory.json,/items/0
F02,P26-A-MW,P26-A-R04,ГАРДЕРОБ MASTER · ВСЯ СТЕНА,10280,4160,580,3600,,,,physical,NOMINAL_COORDINATION_ENVELOPE_NOT_SELECTED_PRODUCT,04_documents/work-in-progress/P75/PROJECT/p75-furniture-inventory.json,/items/1
F03,P26-A-MBED,P26-A-R04,КРОВАТЬ 2000×2200 · У СТЕНЫ,6800,5160,2200,2000,,,,physical,NOMINAL_COORDINATION_ENVELOPE_NOT_SELECTED_PRODUCT,04_documents/work-in-progress/P75/PROJECT/p75-furniture-inventory.json,/items/2
F04,P26-A-B2W,P26-A-R05,ШКАФ СПАЛЬНИ 2 · NORTH · 1940×580,3500,4160,1940,580,,,,physical,NOMINAL_COORDINATION_ENVELOPE_NOT_SELECTED_PRODUCT,04_documents/work-in-progress/P75/PROJECT/p75-furniture-inventory.json,/items/3
F05,P26-A-B2BED,P26-A-R05,КРОВАТЬ 2000×2200,3500,5160,2200,2000,,,,physical,NOMINAL_COORDINATION_ENVELOPE_NOT_SELECTED_PRODUCT,04_documents/work-in-progress/P75/PROJECT/p75-furniture-inventory.json,/items/4
F06,P26-A-B2-NS-N,P26-A-R05,ТУМБА BED 2 NORTH 350,3500,4810,350,350,,,,physical,NOMINAL_COORDINATION_ENVELOPE_NOT_SELECTED_PRODUCT,04_documents/work-in-progress/P75/PROJECT/p75-furniture-inventory.json,/items/5
F07,P26-A-B2-NS-S,P26-A-R05,ТУМБА BED 2 SOUTH 350,3500,7160,350,350,,,,physical,NOMINAL_COORDINATION_ENVELOPE_NOT_SELECTED_PRODUCT,04_documents/work-in-progress/P75/PROJECT/p75-furniture-inventory.json,/items/6
F08,P26-A-M-NS-N,P26-A-R04,ТУМБА MASTER NORTH 340 · ROUTE ADJUSTED,6800,4810,340,350,,,,physical,NOMINAL_COORDINATION_ENVELOPE_NOT_SELECTED_PRODUCT,04_documents/work-in-progress/P75/PROJECT/p75-furniture-inventory.json,/items/7
F09,P26-A-M-NS-S,P26-A-R04,ТУМБА MASTER SOUTH 350,6800,7160,350,350,,,,physical,NOMINAL_COORDINATION_ENVELOPE_NOT_SELECTED_PRODUCT,04_documents/work-in-progress/P75/PROJECT/p75-furniture-inventory.json,/items/8
F10,P49-HALL-LINEN-01,P26-A-HALL,ТЕХНИЧЕСКИЙ / ХОЗ. ШКАФ 750 × 500,7460,2440,500,750,1800,,,physical,NOMINAL_COORDINATION_ENVELOPE_NOT_SELECTED_PRODUCT,04_documents/work-in-progress/P75/PROJECT/p75-furniture-inventory.json,/items/9
F11,P50-M-SH,P26-A-R03,ДУШ 1000 × 1000,8160,2440,1000,1000,,,,physical,NOMINAL_COORDINATION_ENVELOPE_NOT_SELECTED_PRODUCT,04_documents/work-in-progress/P75/PROJECT/p75-furniture-inventory.json,/items/10
F12,P50-M-BASIN,P26-A-R03,РАКОВИНА 900,9160,2440,900,450,,,,physical,NOMINAL_COORDINATION_ENVELOPE_NOT_SELECTED_PRODUCT,04_documents/work-in-progress/P75/PROJECT/p75-furniture-inventory.json,/items/11
F13,P50-M-WC-BODY,P26-A-R03,WC · КОРПУС УСЛОВНЫЙ,10210,3275,650,370,,,,physical,NOMINAL_COORDINATION_ENVELOPE_NOT_SELECTED_PRODUCT,04_documents/work-in-progress/P75/PROJECT/p75-furniture-inventory.json,/items/12
F14,P51-M-TW,P26-A-R03,ПОЛОТЕНЦЕСУШИТЕЛЬ,8210,3860,400,100,1000,600,1600,physical,NOMINAL_COORDINATION_ENVELOPE_NOT_SELECTED_PRODUCT,04_documents/work-in-progress/P75/PROJECT/p75-furniture-inventory.json,/items/13
F15,P50-G-SH,P26-A-R02,Душ 1000×1000,9860,1240,1000,1000,2100,0,2100,physical,NOMINAL_COORDINATION_ENVELOPE_NOT_SELECTED_PRODUCT,04_documents/work-in-progress/P75/PROJECT/p75-furniture-inventory.json,/items/14
F16,P50-G-WD,P26-A-R02,Стиральная + сушильная в колонне,7660,1590,650,650,1800,0,1800,physical,NOMINAL_COORDINATION_ENVELOPE_NOT_SELECTED_PRODUCT,04_documents/work-in-progress/P75/PROJECT/p75-furniture-inventory.json,/items/15
F17,P50-G-WC,P26-A-R02,Чаша условная 400×550; смотрит на север,8685,1690,400,550,,,,physical,NOMINAL_COORDINATION_ENVELOPE_NOT_SELECTED_PRODUCT,04_documents/work-in-progress/P75/PROJECT/p75-furniture-inventory.json,/items/16
F18,P50-G-BASIN,P26-A-R02,Умывальник 700×400,7960,400,700,400,850,0,850,physical,NOMINAL_COORDINATION_ENVELOPE_NOT_SELECTED_PRODUCT,04_documents/work-in-progress/P75/PROJECT/p75-furniture-inventory.json,/items/17
F19,P53-M-JOINERY,P26-A-R03,Тумба 800 × 450 до восточной стены,10060,2440,800,450,850,0,850,physical,MADE_TO_MEASURE_COORDINATION_INTENT_NOT_PRODUCT_ORDER_OR_FABRICATION,04_documents/work-in-progress/P75/PROJECT/p75-furniture-inventory.json,/items/18
F20,P53-G-TW,P26-A-R02,Узкий ПС: общий резерв 150 × 100,9400,2140,150,100,1000,600,1600,physical,NOMINAL_COORDINATION_ENVELOPE_NOT_SELECTED_PRODUCT,04_documents/work-in-progress/P75/PROJECT/p75-furniture-inventory.json,/items/19
F21,P26-A-DW,P26-A-R01,ПОСУДОМОЙКА 600,2500,400,600,600,,,,physical,NOMINAL_COORDINATION_ENVELOPE_NOT_SELECTED_PRODUCT,04_documents/work-in-progress/P75/PROJECT/p75-furniture-inventory.json,/items/20
F22,P26-A-WASTE,P26-A-R01,СОРТИРОВКА 300,3100,400,300,600,,,,physical,NOMINAL_COORDINATION_ENVELOPE_NOT_SELECTED_PRODUCT,04_documents/work-in-progress/P75/PROJECT/p75-furniture-inventory.json,/items/21
F23,P26-A-SINK,P26-A-R01,МОЙКА 700,3400,400,700,600,,,,physical,NOMINAL_COORDINATION_ENVELOPE_NOT_SELECTED_PRODUCT,04_documents/work-in-progress/P75/PROJECT/p75-furniture-inventory.json,/items/22
F24,P26-A-PREP,P26-A-R01,ПОДГОТОВКА 1060,4100,400,1060,600,,,,physical,NOMINAL_COORDINATION_ENVELOPE_NOT_SELECTED_PRODUCT,04_documents/work-in-progress/P75/PROJECT/p75-furniture-inventory.json,/items/23
F25,P26-A-CORNER,P26-A-R01,УГОЛ 600,5160,400,600,600,,,,physical,NOMINAL_COORDINATION_ENVELOPE_NOT_SELECTED_PRODUCT,04_documents/work-in-progress/P75/PROJECT/p75-furniture-inventory.json,/items/24
F26,P26-A-HOB,P26-A-R01,ВАРОЧНАЯ 600,5160,1000,600,600,,,,surface,NOMINAL_COORDINATION_ENVELOPE_NOT_SELECTED_PRODUCT,04_documents/work-in-progress/P75/PROJECT/p75-furniture-inventory.json,/items/25
F27,P26-A-OVEN,P26-A-R01,ДУХОВКА ПОД ВАРОЧНОЙ,5160,1000,600,600,600,100,700,physical,NOMINAL_COORDINATION_ENVELOPE_NOT_SELECTED_PRODUCT,04_documents/work-in-progress/P75/PROJECT/p75-furniture-inventory.json,/items/26
F28,P26-A-FR,P26-A-R01,ХОЛОДИЛЬНИК 600,5160,2200,600,580,,,,physical,NOMINAL_COORDINATION_ENVELOPE_NOT_SELECTED_PRODUCT,04_documents/work-in-progress/P75/PROJECT/p75-furniture-inventory.json,/items/27
F29,P26-A-S01,P26-A-R01,ДИВАН 1700,850,4660,1700,900,,,,physical,NOMINAL_COORDINATION_ENVELOPE_NOT_SELECTED_PRODUCT,04_documents/work-in-progress/P75/PROJECT/p75-furniture-inventory.json,/items/28
F30,P26-A-LIV-ST,P26-A-R01,Шкаф 2700×300 · раздвижные фасады,3000,4560,300,2700,,,,physical,NOMINAL_COORDINATION_ENVELOPE_NOT_SELECTED_PRODUCT,04_documents/work-in-progress/P75/PROJECT/p75-furniture-inventory.json,/items/29
F31,P26-A-CT,P26-A-R01,ЖУРН. СТОЛ,1250,5960,900,500,,,,physical,NOMINAL_COORDINATION_ENVELOPE_NOT_SELECTED_PRODUCT,04_documents/work-in-progress/P75/PROJECT/p75-furniture-inventory.json,/items/30
F32,P26-A-TV,P26-A-R01,TV 86in · VISIBLE 1904×1071 NOMINAL,748,7660,1904,100,,,,overhead,NOMINAL_COORDINATION_ENVELOPE_NOT_SELECTED_PRODUCT,04_documents/work-in-progress/P75/PROJECT/p75-furniture-inventory.json,/items/31
F33,P26-A-ISL01,P26-A-R01,PREP-ОСТРОВ 660×1050,3600,1900,660,1050,,,,physical,NOMINAL_COORDINATION_ENVELOPE_NOT_SELECTED_PRODUCT,04_documents/work-in-progress/P75/PROJECT/p75-furniture-inventory.json,/items/32
F34,P26-A-BAR01,P26-A-R01,БАРНЫЙ СТУЛ 1,3200,1950,400,400,,,,physical,NOMINAL_COORDINATION_ENVELOPE_NOT_SELECTED_PRODUCT,04_documents/work-in-progress/P75/PROJECT/p75-furniture-inventory.json,/items/33
F35,P26-A-BAR02,P26-A-R01,БАРНЫЙ СТУЛ 2,3200,2500,400,400,,,,physical,NOMINAL_COORDINATION_ENVELOPE_NOT_SELECTED_PRODUCT,04_documents/work-in-progress/P75/PROJECT/p75-furniture-inventory.json,/items/34
F36,P26-A-T01,P26-A-R01,СТОЛ 1800×900 · 6,800,2400,1800,900,,,,physical,NOMINAL_COORDINATION_ENVELOPE_NOT_SELECTED_PRODUCT,04_documents/work-in-progress/P75/PROJECT/p75-furniture-inventory.json,/items/35
F37,P60-MEDIA-BASE,P26-A-R01,Тумба под ТВ 2400×400,600,7360,2400,400,,,,physical,NOMINAL_COORDINATION_ENVELOPE_NOT_SELECTED_PRODUCT,04_documents/work-in-progress/P75/PROJECT/p75-furniture-inventory.json,/items/36
F38,P60-CORNER-BASE,P26-A-R01,Угловое завершение 500×300,3000,7260,300,500,,,,physical,NOMINAL_COORDINATION_ENVELOPE_NOT_SELECTED_PRODUCT,04_documents/work-in-progress/P75/PROJECT/p75-furniture-inventory.json,/items/37
F39,P68-K-HOOD,P26-A-R01,ВЫТЯЖКА — МОДЕЛЬ / ЗАЗОР TBC,5310,1000,450,600,80,1600,1680,overhead,NOMINAL_COORDINATION_ENVELOPE_NOT_SELECTED_PRODUCT,04_documents/work-in-progress/P75/PROJECT/p75-furniture-inventory.json,/items/38
F40,P58-GRAPHIC-DINING-N1,P26-A-R01,Обеденный стул — графическая примерка,875,1900,450,500,800,0,800,physical,DERIVED_GRAPHIC_SEAT_NOT_APPROVED_PLACEMENT,04_documents/work-in-progress/P75/PROJECT/p75-furniture-inventory.json,/items/39
F41,P58-GRAPHIC-DINING-N2,P26-A-R01,Обеденный стул — графическая примерка,1475,1900,450,500,800,0,800,physical,DERIVED_GRAPHIC_SEAT_NOT_APPROVED_PLACEMENT,04_documents/work-in-progress/P75/PROJECT/p75-furniture-inventory.json,/items/40
F42,P58-GRAPHIC-DINING-N3,P26-A-R01,Обеденный стул — графическая примерка,2075,1900,450,500,800,0,800,physical,DERIVED_GRAPHIC_SEAT_NOT_APPROVED_PLACEMENT,04_documents/work-in-progress/P75/PROJECT/p75-furniture-inventory.json,/items/41
F43,P58-GRAPHIC-DINING-S1,P26-A-R01,Обеденный стул — графическая примерка,875,3300,450,500,800,0,800,physical,DERIVED_GRAPHIC_SEAT_NOT_APPROVED_PLACEMENT,04_documents/work-in-progress/P75/PROJECT/p75-furniture-inventory.json,/items/42
F44,P58-GRAPHIC-DINING-S2,P26-A-R01,Обеденный стул — графическая примерка,1475,3300,450,500,800,0,800,physical,DERIVED_GRAPHIC_SEAT_NOT_APPROVED_PLACEMENT,04_documents/work-in-progress/P75/PROJECT/p75-furniture-inventory.json,/items/43
F45,P58-GRAPHIC-DINING-S3,P26-A-R01,Обеденный стул — графическая примерка,2075,3300,450,500,800,0,800,physical,DERIVED_GRAPHIC_SEAT_NOT_APPROVED_PLACEMENT,04_documents/work-in-progress/P75/PROJECT/p75-furniture-inventory.json,/items/44
F46,P53-M-COUNTERTOP,P26-A-R03,Столешница 1700 × 450: раковина 900 + тумба 800,9160,2440,1700,450,,,,surface,MADE_TO_MEASURE_COORDINATION_INTENT_NOT_PRODUCT_ORDER_OR_FABRICATION,04_documents/work-in-progress/P75/PROJECT/p75-furniture-inventory.json,/items/45
F47,P53-OUT-B-TABLE,P73-LOUNGE,"Обеденный стол 2800 × 1000: 4 + 4 боковых места, без торцевых",1500,-3600,2800,1000,,,,physical,NOMINAL_COORDINATION_ENVELOPE_NOT_SELECTED_PRODUCT,04_documents/work-in-progress/P75/PROJECT/p75-furniture-inventory.json,/items/46
F48,P53-OUT-B-WORKTOP,P73-LOUNGE,Моечная столешница 2000 × 700,4300,-700,2000,700,,,,physical,NOMINAL_COORDINATION_ENVELOPE_NOT_SELECTED_PRODUCT,04_documents/work-in-progress/P75/PROJECT/p75-furniture-inventory.json,/items/47
F49,P53-OUT-B-SINK,P73-LOUNGE,"Нержавеющая мойка 800 × 600: пробный общий габарит, чаша неизвестна",5450,-650,800,600,,,,surface,NOMINAL_COORDINATION_ENVELOPE_NOT_SELECTED_PRODUCT,04_documents/work-in-progress/P75/PROJECT/p75-furniture-inventory.json,/items/48
F54,P53-OUT-B-SEAT-S1,P73-LOUNGE,Стул 520 × 550: условный корпус,1590,-2500,520,550,,,,physical,NOMINAL_COORDINATION_ENVELOPE_NOT_SELECTED_PRODUCT,04_documents/work-in-progress/P75/PROJECT/p75-furniture-inventory.json,/items/53
F55,P53-OUT-B-SEAT-S2,P73-LOUNGE,Стул 520 × 550: условный корпус,2290,-2500,520,550,,,,physical,NOMINAL_COORDINATION_ENVELOPE_NOT_SELECTED_PRODUCT,04_documents/work-in-progress/P75/PROJECT/p75-furniture-inventory.json,/items/54
F56,P53-OUT-B-SEAT-S3,P73-LOUNGE,Стул 520 × 550: условный корпус,2990,-2500,520,550,,,,physical,NOMINAL_COORDINATION_ENVELOPE_NOT_SELECTED_PRODUCT,04_documents/work-in-progress/P75/PROJECT/p75-furniture-inventory.json,/items/55
F57,P53-OUT-B-SEAT-S4,P73-LOUNGE,Стул 520 × 550: условный корпус,3690,-2500,520,550,,,,physical,NOMINAL_COORDINATION_ENVELOPE_NOT_SELECTED_PRODUCT,04_documents/work-in-progress/P75/PROJECT/p75-furniture-inventory.json,/items/56
F58,P62-MASONRY-01,P73-LOUNGE,Печь-камин — визуальный резерв,2800,-700,1100,600,2100,0,2100,physical,VISUAL_ENVELOPE_ONLY_NOT_ENGINEERED_APPLIANCE,04_documents/work-in-progress/P75/PROJECT/p75-furniture-inventory.json,/items/57
F59,P78-K-FREEZER,P26-A-R01,МОРОЗИЛЬНИК ОТДЕЛЬНЫЙ ПОД СТОЛЕШНИЦЕЙ,5160,1600,600,580,850,0,850,physical,WORKING_ASSUMPTION_MODULE_NOT_SELECTED_PRODUCT,00_control/client-input-update-2026-09-07-p78-vault-freezer.md,/client-request
F60,P78-K-FREEZER-TOP,P26-A-R01,СТОЛЕШНИЦА НАД МОРОЗИЛЬНИКОМ,5160,1600,600,600,30,870,900,surface,WORKING_ASSUMPTION_NOT_FABRICATION,00_control/client-input-update-2026-09-07-p78-vault-freezer.md,/placement-interpretation
F61,P81-L-SOFA,P73-LOUNGE,Длинный обеденный диван у северного стекла,1400,-4300,3000,650,880,0,880,physical,WORKING_ASSUMPTION_NOT_SELECTED_PRODUCT,00_control/client-input-update-2026-09-08-p81-wall-relief-sofa.md,/реализация-для-согласования
