finish_zone_id,room_id,finish,area_m2,scope,basis,purchase_quantity
P79-F01,P26-A-R01,PARQUET,23.552,HOUSE,FINISH_BOUNDARY_NO_WASTE_NO_ORDER,
P79-F02,P26-A-R01,TILE,8.7576,HOUSE,FINISH_BOUNDARY_NO_WASTE_NO_ORDER,
P79-F-P26-A-HALL,P26-A-HALL,TILE,6.1,HOUSE,FINISH_BOUNDARY_NO_WASTE_NO_ORDER,
P79-F-P26-A-R02,P26-A-R02,TILE,5.888,HOUSE,FINISH_BOUNDARY_NO_WASTE_NO_ORDER,
P79-F-P26-A-R03,P26-A-R03,TILE,4.104,HOUSE,FINISH_BOUNDARY_NO_WASTE_NO_ORDER,
P79-F-P26-A-R04,P26-A-R04,PARQUET,14.616,HOUSE,FINISH_BOUNDARY_NO_WASTE_NO_ORDER,
P79-F-P26-A-R05,P26-A-R05,PARQUET,11.16,HOUSE,FINISH_BOUNDARY_NO_WASTE_NO_ORDER,
P79-F-PORTAL,P26-A-OC01,TILE,0.236,PORTAL,FINISH_BOUNDARY_NO_WASTE_NO_ORDER,
P79-F-LOUNGE,LOUNGE,TILE,41.16,LOUNGE,FINISH_BOUNDARY_NO_WASTE_NO_ORDER,
