ID,Раздел,Материал / элемент,Количество,Ед.,Основание количества,Что уточнить
FND,Основание,"Фундамент дома, навеса и террас",,м³,Контур дома 94.3296 м²,"Тип, грунты, реакции, бетон, армирование и земляные работы"
FLR,Основание,Перекрытие / плита пола дома и лаунджа,,компл.,Площадь отделки не равна площади несущего настила,Не выбран тип основания; лаги нельзя автоматически считать нулевыми
FND-CAP,Основание,Отсечная гидроизоляция под нижней обвязкой,37.84,м,Только наружный периметр по оси,"Ширина, система, нахлёсты и внутренние несущие линии"
W-BASE,Стены,Базовые стойки и обвязки стен с фронтонами,,м³,Сценарии 45 и 50 мм в отдельной таблице,Это частичный объём. Усиления и соединения отсутствуют
W-HEADER,Стены,Перемычки над 8 наружными проёмами,8,шт.,По opening_schedule; длины пролётов на отдельном листе,"Сечения, длина опирания, количество досок, LVL/клеёный брус/сталь"
W-IHEAD,Стены,Перемычки над 4 дверями и OC01,5,шт.,D03–D06 и открытая связь OC01,Несущая роль стен и решения перемычек
W-POST,Стены,"Пакеты стоек, углы, Т-стыки и закладные",,м³,Одиночные крайние стойки уже в базовой таблице,Число дополнительных досок и схема узлов
W-BRACE,Стены,Пространственные связи и силовая обшивка,,компл.,Плоскости стен даны в отделочной ведомости,"OSB/фанера/раскосы, толщина, раскладка и крепёж; БЕЛТЕРМО не засчитывается как расчёт связей"
W-HIGH,Стены,Подъём внутренних стен к скатам,,м³,Перегородки посчитаны только до 3.0 м,"Продолжение выше потолка, противопожарные и звуковые отсечки"
R-MEMBER,Основная крыша,Стропила: только геометрическая длина,221.0,м,"25 пар × 2 × 4.420 м, оси не более 600 мм — сценарий","Система стропил, реальные свесы, опоры, сечения и врубки"
R-RIDGE,Основная крыша,Коньковая линия,14.06,м,Геометрическая длина,"Тип: несущий прогон, коньковая доска или фермы; стыки, опоры и сечения"
R-TIE,Основная крыша,"Затяжки, прогоны, подкосы и связи",,м³,"Высокая гостиная, часть потолка плоская","Расчётная схема, распор, прогиб и узлы"
R-OVER,Основная крыша,Западный вынос 2500 мм и щековая стена,,компл.,Графический вынос над террасой,Самостоятельная несущая схема и фундаментные реакции
R-SKIN,Основная крыша,Фальцевое покрытие,124.2904,м²,Два ската по наклонной поверхности,"Фальц, рабочая ширина, картины, подрезки и комплектующие"
R-UNDER,Основная крыша,Подкровельный слой,124.2904,м²,Площадь без нахлёстов и заходов,Тип и совместимость с выбранной кровлей
R-DECK,Основная крыша,"Настил, обрешётка и контробрешётка",,м³,Наклонная площадь 124.2904 м²,"Доска/лист, сечение, шаг, число слоёв и зазоры"
C-MEMBER,Навес,Балки навеса: только геометрическая длина,127.42547745250945,м,"26 осей × 4.9010 м, шаг до 600 мм — сценарий","Пролёты, промежуточные опоры, сечения, прогиб и стыки"
C-POST,Навес,"Опорные балки, стойки и соединения",,м³,Граница навеса 14.66 × 4.90 м,Сетка опор не задана; остекление не принято несущим
C-SKIN,Навес,Мембранное покрытие навеса,71.84836536360726,м²,Наклон 2% наружу: перепад 98 мм — сценарий,"Система мембраны, нахлёсты, заведения и аварийные переливы"
C-DECK,Навес,Жёсткий настил навеса,71.84836536360726,м²,Один геометрический слой,"Материал, толщина, число слоёв, раскладка и нагрузка"
C-WALL,Навес,Глухая торцевая стена лаунджа,4.9,м,Длина стены,"Толщина каркаса, высота по рабочему узлу и несущая функция"
CLG,Потолки,Балки плоских потолков и видимые балки,,м³,Часть гостиной раскрыта до скатов,Видимые 140×100 мм не являются полным сечением
DECK-JOIST,Террасы,"Лаги, обвязки и опоры террас",59.774,м²,Площадь будущего деревянного настила,"Это площадь обслуживания, не объём лаг; шаг, пролёты, сечения и основания"
LNG-FLR,Террасы,Основание плитки остеклённого лаунджа,41.16,м²,Граница лаунджа,"Жёсткость основания, влага, зимний режим и узлы примыканий"
THERM-ROOF,Утепление,Утепление потолков / скатов,,м³,Не дублируется с эковатой стен,"Граница тёплого контура, толщина, технология и плотность"
THERM-FLR,Утепление,Теплоизоляция пола и цоколя,,м³,По будущему решению фундамента,Толщина и материал не выбраны
MEM-ROOF,Утепление,"Воздухоплотность крыши, ленты и проходки",,компл.,Тёплый контур ещё не задан,"Площади, Sd, стыки с БЕЛТЕРМО и дымоходом"
RAIN-GUT,Водосток,"Скрытые желоба, две линии дома и край навеса",42.78,м,2 × 14.06 + 14.66; до углов и воронок,"Сечение желобов, фактическая трасса, уклоны и аварийный перелив"
RAIN-OUT,Водосток,Основные водоприёмные точки,6,шт.,Предложенная схема сайта,Пропускная способность и независимые аварийные переливы
RAIN-PIPE,Водосток,"Стояки, ливневая сеть, ёмкость и выпуск",,компл.,"На участке, без подтверждённой внешней точки сброса","Расход дождя, грунты, отметки, длины, диаметры и объём ёмкости"
FIX,Крепёж,"Гвозди, шурупы, анкеры, пластины и hold-down",,компл.,Только после ведомости узлов,"Марки, количество и коррозионная защита"
FIRE,Комплектующие,Проходка дымохода и противопожарные узлы,,компл.,Один показанный дымоход,"Система, отступы, усиления, герметизация и опирание"
TEMP,Комплектующие,"Временные связи, укрытие и монтажный материал",,компл.,На период сборки,ППР и метод монтажа
FIN,Отделка,"БЕЛТЕРМО, эковата стен, доска, плитка и листы",,ведомость,35 позиций в файле отделки и утепления,Не прибавлять повторно; количества доступны в разделе «Материалы»
