ID,Материал,Ед.,Нетто,"Запас, %",С запасом,В упаковке,Упаковок,К закупке,Примечание
BEL-OUT,БЕЛТЕРМО 80 мм — наружная сторона,м²,108.324,10.0,119.1564,1.078125,111.0,119.671875,Размер листа — сценарий. Откосы не включены.
BEL-IN,БЕЛТЕРМО 80 мм — внутренняя сторона,м²,97.63066666666666,10.0,107.39373333333333,1.078125,100.0,107.8125,Марка для внутреннего применения и крепление TBC.
ECO,Эковата — наружные стены и перегородки,кг,1382.9460333333334,5.0,1452.093335,,,1452.093335,55 кг/м³ и 15% древесины — допущения. Потолок не включён.
WOOD-WALL,Имитация бруса — сухие стены и лаундж,м²,165.0713333333329,10.0,181.5784666666662,0.5549999999999999,328.0,182.04,Количество заготовок эквивалентное по площади; нужна карта стыков.
WOOD-CEIL,Вагонка — потолки дома и лаунджа,м²,107.54426666666667,10.0,118.29869333333335,0.405,293.0,118.665,Скаты по фактической наклонной площади.
SOFFIT,Деревянная подшивка — наружные свесы,м²,52.774,10.0,58.05140000000001,0.405,144.0,58.32000000000001,Вентиляционные решётки и профиль карниза отдельно.
FLOOR-WOOD,Деревянный пол — две спальни,м²,26.046,10.0,28.6506,,,28.6506,Упаковку заполнить после выбора доски.
TILE-MAIN,"Плитка 600×600 — кухня, гостиная, прихожая",м²,38.82560000000001,10.0,42.708160000000014,1.44,30.0,43.199999999999996,Один светлый тёплый оттенок; SKU не выбран.
TILE-LOUNGE,Плитка 600×600 — остеклённый лаундж,м²,41.16,10.0,45.276,1.44,32.0,46.08,Проверить морозостойкость и скольжение по режиму лаунджа.
TILE-BATH,Плитка 600×600 — санузлы вне душевых,м²,8.262,10.0,9.0882,1.44,7.0,10.08,Та же коллекция либо отдельный артикул; два душевых по 1 м² вычтены.
TILE-SHOWER,Плитка малого формата — пол двух душевых,м²,2.0,10.0,2.2,,,2.2,100×100 предложено для уклонов. Раскладка и слив TBC.
TILE-KITCHEN,Плитка стены кухни — пол–половина окна,м²,8.464,10.0,9.310400000000001,1.44,7.0,10.08,"За всей кухней, холодильником, до косяка D02. Без откосов."
TILE-MASTER-W,Плитка — все стены хозяйского санузла,м²,22.71,10.0,24.981,1.44,18.0,25.919999999999998,Полная высота 3 м — графический сценарий; дверь и окно вычтены.
TILE-GUEST-W,Плитка — две стены гостевого душа,м²,4.2,10.0,4.620000000000001,1.44,4.0,5.76,"Две стены по 1 м, высота 2.1 м — предложение."
GKLV,"ГКЛВ — стены обоих санузлов, по слоям",м²,100.68000000000002,10.0,110.74800000000003,3.5999999999999996,31.0,111.6,2 слоя — только расчётный сценарий. В душах проверить допустимость системы.
BACKER-K,Жёсткое основание под плитку кухни,м²,8.464,10.0,9.310400000000001,,,9.310400000000001,Тип и количество слоёв TBC; не крепить плитку к мягкой теплоизоляции.
CSP-OPTION,ЦСП под деревянную отделку — локальная опция,м²,,10.0,,4.0,,,Не включено до выбора зон. ЦСП не заменяет расчёт связей каркаса.
MEM-EXT,Наружное защитное полотно стены,м²,108.324,15.0,124.5726,,,124.5726,Площадь для запроса КП. Необходимость отдельной мембраны зависит от БЕЛТЕРМО.
MEM-IN,Внутренний воздухоплотный слой стены,м²,97.63066666666666,15.0,112.27526666666664,,,112.27526666666664,Тип и Sd назначаются расчётом влаги; не две паронепроницаемые плёнки.
MEM-PART,Удерживающее полотно перегородок — 2 стороны,м²,128.28,15.0,147.522,,,147.522,"Сценарий. Если удерживает жёсткая обшивка, эту строку исключить."
PAINT-GUEST,Окраска стен гостевого санузла,м²,23.430000000000003,0.0,23.430000000000003,,,23.430000000000003,Сухие поверхности вне плитки; система для влажных помещений.
PAINT-WOOD,Покрытие имитации бруса — видимая сторона,м²,165.0713333333329,0.0,165.0713333333329,,,165.0713333333329,Грунт/краска в литрах после выбора расхода. Оборот и торцы дополнительно.
STRETCH,Натяжной потолок — два санузла,м²,9.992,0.0,9.992,,,9.992,Без закладных под свет и оборудования.
DECK,Террасная доска — открытый настил,м²,59.774,10.0,65.7514,,,65.7514,"Лаги, ступени, торцы и крепёж пока без объёма."
WATER-FLOOR,Гидроизоляция пола кухни и санузлов,м²,19.5596,10.0,21.51556,,,21.51556,Добавлены 0.9×0.6 м под левый хвост кухни к D02 — сценарий. Гостиная/лаундж не включены.
WATER-WALL,Гидроизоляция кухонной плитки и душевых стен,м²,16.864,10.0,18.550400000000003,,,18.550400000000003,Высота обеих душевых принята 2.1 м. Система и фактические зоны уточняются.
WATER-UP,Гидроизоляция — заходы в санузлах вне душа,м²,1.9079999999999997,10.0,2.0987999999999998,,,2.0987999999999998,Периметры минус две двери и четыре метра стен душа. Высота захода — сценарий.
TAPE,Лента примыканий кухни и двух санузлов,м,28.259999999999998,15.0,32.498999999999995,,,32.498999999999995,"Пол/стена без дверей, вертикальные углы душей и кухни. Манжеты отдельно."
SEALANT-LINE,Эластичный стык столешницы со стеной,м,5.74,15.0,6.601,,,6.601,"Длина, не объём герметика; сечение шва и туба TBC."
FACADE,Наружная облицовка дома и глухой стены лаунджа,м²,122.73,10.0,135.00300000000001,,,135.00300000000001,Тип фасадной доски/панели TBC. Дом со стороны лаунджа включён один раз.
CHEEK,Южная щековая стена западного свеса — 2 стороны,м²,16.5,10.0,18.150000000000002,,,18.150000000000002,"Графический объём, материал/опорная функция TBC. Отдельная строка."
ADHESIVE,Клей для всей плитки — после выбора продукта,кг,,0.0,,,,,Расход за 1 м² полного приклеивания; резаный запас плитки клеем не покрывается.
GROUT,Затирка всей плитки — после выбора продукта,кг,,0.0,,,,,"Расход зависит от толщины, шва и формата; средний расход вводится после выбора."
WATER-KG,Гидроизоляционный состав — весь расход,кг,,0.0,,,,,"Кг идут в смету, геометрические м² показаны только для измерения."
PAINT-L,Краска для деревянных стен — в литрах,л,,0.0,,,,,Литры идут в смету; площадь окраски дана только как база расчёта.
