source_group_id,source_name_ru,new_group_ids,new_light_ids,status,limitation_ru
P65-L-A1,Лаундж: стол8,"[""P84-G-LOUNGE-DINING""]","[""P79-L15""]",PROPOSED_SEMANTIC_REMAP,"Это функциональное соответствие, не доказательство освещённости. Объединённые группы не обещают независимые прежние клавиши."
P65-L-A2,Лаундж: рабочая мойка,"[""P84-G-LOUNGE-WORK""]","[""P79-L16""]",PROPOSED_SEMANTIC_REMAP,"Это функциональное соответствие, не доказательство освещённости. Объединённые группы не обещают независимые прежние клавиши."
P65-L-A3,Лаундж: вход и движение,"[""P84-G-LOUNGE-PASSAGE""]","[""P79-L17""]",PROPOSED_SEMANTIC_REMAP,"Это функциональное соответствие, не доказательство освещённости. Объединённые группы не обещают независимые прежние клавиши."
P65-L-A4,Лаундж: фактура кирпичной печи,[],[],OMITTED_CURRENT_FIXTURE_REQUIRED_DECISION,Акцент печи отсутствует в актуальных светильниках P79: восстановить отдельным согласованным решением или явно снять задачу.
P65-L-B1,Общий свет спальни,"[""P84-G-P26-A-R04-GENERAL""]","[""P79-L07""]",PROPOSED_SEMANTIC_REMAP,"Это функциональное соответствие, не доказательство освещённости. Объединённые группы не обещают независимые прежние клавиши."
P65-L-B2,Чтение: северная сторона,"[""P84-G-P65-L-B2""]","[""P65-L-B2-01""]",PROPOSED_SEMANTIC_REMAP,"Это функциональное соответствие, не доказательство освещённости. Объединённые группы не обещают независимые прежние клавиши."
P65-L-B3,Чтение: южная сторона,"[""P84-G-P65-L-B3""]","[""P65-L-B3-01""]",PROPOSED_SEMANTIC_REMAP,"Это функциональное соответствие, не доказательство освещённости. Объединённые группы не обещают независимые прежние клавиши."
P65-L-B4,Ночной путь у кровати,"[""P84-G-P65-L-B4""]","[""P65-L-B4-01""]",PROPOSED_SEMANTIC_REMAP,"Это функциональное соответствие, не доказательство освещённости. Объединённые группы не обещают независимые прежние клавиши."
P65-L-B5,Гардероб,"[""P84-G-P26-A-R04-WARDROBE""]","[""P79-L08""]",PROPOSED_SEMANTIC_REMAP,"Это функциональное соответствие, не доказательство освещённости. Объединённые группы не обещают независимые прежние клавиши."
P65-L-C1,Общий свет спальни,"[""P84-G-P26-A-R05-GENERAL""]","[""P79-L09""]",PROPOSED_SEMANTIC_REMAP,"Это функциональное соответствие, не доказательство освещённости. Объединённые группы не обещают независимые прежние клавиши."
P65-L-C2,Чтение: северная сторона,"[""P84-G-P65-L-C2""]","[""P65-L-C2-01""]",PROPOSED_SEMANTIC_REMAP,"Это функциональное соответствие, не доказательство освещённости. Объединённые группы не обещают независимые прежние клавиши."
P65-L-C3,Чтение: южная сторона,"[""P84-G-P65-L-C3""]","[""P65-L-C3-01""]",PROPOSED_SEMANTIC_REMAP,"Это функциональное соответствие, не доказательство освещённости. Объединённые группы не обещают независимые прежние клавиши."
P65-L-C4,Ночной путь у кровати,"[""P84-G-P65-L-C4""]","[""P65-L-C4-01""]",PROPOSED_SEMANTIC_REMAP,"Это функциональное соответствие, не доказательство освещённости. Объединённые группы не обещают независимые прежние клавиши."
P65-L-C5,Гардероб,"[""P84-G-P26-A-R05-WARDROBE""]","[""P79-L10""]",PROPOSED_SEMANTIC_REMAP,"Это функциональное соответствие, не доказательство освещённости. Объединённые группы не обещают независимые прежние клавиши."
P65-L-D1,Обеденный стол,"[""P84-G-DINING""]","[""P79-L01""]",PROPOSED_SEMANTIC_REMAP,"Это функциональное соответствие, не доказательство освещённости. Объединённые группы не обещают независимые прежние клавиши."
P65-L-E1,Западная терраса: путь,"[""P84-G-P65-L-E1""]","[""P65-L-E1-01"",""P65-L-E1-02""]",PROPOSED_SEMANTIC_REMAP,"Это функциональное соответствие, не доказательство освещённости. Объединённые группы не обещают независимые прежние клавиши."
P65-L-E2,Западный выход лаундж,"[""P84-G-P65-L-E2""]","[""P65-L-E2-01""]",PROPOSED_SEMANTIC_REMAP,"Это функциональное соответствие, не доказательство освещённости. Объединённые группы не обещают независимые прежние клавиши."
P65-L-G1,Гостевой: общий,"[""P84-G-P26-A-R02-GENERAL""]","[""P79-L11"",""P79-L12""]",PROPOSED_SEMANTIC_REMAP,"Это функциональное соответствие, не доказательство освещённости. Объединённые группы не обещают независимые прежние клавиши."
P65-L-G2,Гостевой: лицо у зеркала,"[""P84-G-P65-L-G2""]","[""P65-L-G2-01"",""P65-L-G2-02""]",PROPOSED_SEMANTIC_REMAP,"Это функциональное соответствие, не доказательство освещённости. Объединённые группы не обещают независимые прежние клавиши."
P65-L-G3,Гостевой: техника / постирочная,"[""P84-G-P26-A-R02-GENERAL""]","[""P79-L11"",""P79-L12""]",PROPOSED_SEMANTIC_REMAP,"Это функциональное соответствие, не доказательство освещённости. Объединённые группы не обещают независимые прежние клавиши."
P65-L-G4,Гостевой: душ,"[""P84-G-P26-A-R02-GENERAL""]","[""P79-L11"",""P79-L12""]",PROPOSED_SEMANTIC_REMAP,"Это функциональное соответствие, не доказательство освещённости. Объединённые группы не обещают независимые прежние клавиши."
P65-L-H1,Общий свет прихожей,"[""P84-G-HALL""]","[""P79-L06""]",PROPOSED_SEMANTIC_REMAP,"Это функциональное соответствие, не доказательство освещённости. Объединённые группы не обещают независимые прежние клавиши."
P65-L-H2,Ночной путь,"[""P84-G-P65-L-H2""]","[""P65-L-H2-01""]",PROPOSED_SEMANTIC_REMAP,"Это функциональное соответствие, не доказательство освещённости. Объединённые группы не обещают независимые прежние клавиши."
P65-L-H3,Зона шкафа / зеркало прихожей,"[""P84-G-HALL""]","[""P79-L06""]",PROPOSED_SEMANTIC_REMAP,"Это функциональное соответствие, не доказательство освещённости. Объединённые группы не обещают независимые прежние клавиши."
P65-L-I1,Остров,"[""P84-G-KITCHEN""]","[""P79-L05""]",PROPOSED_SEMANTIC_REMAP,"Это функциональное соответствие, не доказательство освещённости. Объединённые группы не обещают независимые прежние клавиши."
P65-L-K1,Рабочая столешница кухни,"[""P84-G-KITCHEN""]","[""P79-L05""]",PROPOSED_SEMANTIC_REMAP,"Это функциональное соответствие, не доказательство освещённости. Объединённые группы не обещают независимые прежние клавиши."
P65-L-K2,Общий свет кухонного прохода,"[""P84-G-KITCHEN""]","[""P79-L05""]",PROPOSED_SEMANTIC_REMAP,"Это функциональное соответствие, не доказательство освещённости. Объединённые группы не обещают независимые прежние клавиши."
P65-L-M1,Мастер С/У: общий,"[""P84-G-P26-A-R03-GENERAL""]","[""P79-L13"",""P79-L14""]",PROPOSED_SEMANTIC_REMAP,"Это функциональное соответствие, не доказательство освещённости. Объединённые группы не обещают независимые прежние клавиши."
P65-L-M2,Мастер С/У: зеркало,"[""P84-G-P65-L-M2""]","[""P65-L-M2-01"",""P65-L-M2-02""]",PROPOSED_SEMANTIC_REMAP,"Это функциональное соответствие, не доказательство освещённости. Объединённые группы не обещают независимые прежние клавиши."
P65-L-M3,Мастер С/У: душ,"[""P84-G-P26-A-R03-GENERAL""]","[""P79-L13"",""P79-L14""]",PROPOSED_SEMANTIC_REMAP,"Это функциональное соответствие, не доказательство освещённости. Объединённые группы не обещают независимые прежние клавиши."
P65-L-V1,Общий свет гостиной,"[""P84-G-LIVING""]","[""P79-L02"",""P79-L03""]",PROPOSED_SEMANTIC_REMAP,"Это функциональное соответствие, не доказательство освещённости. Объединённые группы не обещают независимые прежние клавиши."
P65-L-V2,TV / мягкий свет стены,"[""P84-G-P65-L-V2""]","[""P65-L-V2-01""]",PROPOSED_SEMANTIC_REMAP,"Это функциональное соответствие, не доказательство освещённости. Объединённые группы не обещают независимые прежние клавиши."
P65-L-V3,Поиск вещей в восточном шкафу,"[""P84-G-LIVING""]","[""P79-L02"",""P79-L03""]",PROPOSED_SEMANTIC_REMAP,"Это функциональное соответствие, не доказательство освещённости. Объединённые группы не обещают независимые прежние клавиши."
P68-L-V4,Интимный карниз гостиной,"[""P84-G-COVE""]","[""P79-L04""]",PROPOSED_SEMANTIC_REMAP,"Это функциональное соответствие, не доказательство освещённости. Объединённые группы не обещают независимые прежние клавиши."
