id,control_id,control_tag,group_id,light_ids,source_groups,action,button_or_scene,status,notes_ru
P84-CM-001,P65-SW-01,SW01,P84-G-HALL,"[""P79-L06""]","[""P65-L-H1""]",LOCAL_GROUP_CONTROL,TBC_HARDWARE_KEY_COUNT,PROPOSED_REMAP_FOR_CLIENT_REVIEW,Логическая связь; не трасса кабеля. Раздельные старые функции могут обслуживаться одной текущей группой; аппаратная независимость/диммирование TBC.
P84-CM-002,P65-SW-01,SW01,P84-G-LOUNGE-PASSAGE,"[""P79-L17""]","[""P65-L-A3""]",LOCAL_GROUP_CONTROL,TBC_HARDWARE_KEY_COUNT,PROPOSED_REMAP_FOR_CLIENT_REVIEW,Логическая связь; не трасса кабеля. Раздельные старые функции могут обслуживаться одной текущей группой; аппаратная независимость/диммирование TBC.
P84-CM-003,P65-SW-02,SW02,P84-G-HALL,"[""P79-L06""]","[""P65-L-H1"",""P65-L-H3""]",LOCAL_GROUP_CONTROL,TBC_HARDWARE_KEY_COUNT,PROPOSED_REMAP_FOR_CLIENT_REVIEW,Логическая связь; не трасса кабеля. Раздельные старые функции могут обслуживаться одной текущей группой; аппаратная независимость/диммирование TBC.
P84-CM-004,P65-SW-02,SW02,P84-G-P65-L-H2,"[""P65-L-H2-01""]","[""P65-L-H2""]",LOCAL_GROUP_CONTROL,TBC_HARDWARE_KEY_COUNT,PROPOSED_REMAP_FOR_CLIENT_REVIEW,Логическая связь; не трасса кабеля. Раздельные старые функции могут обслуживаться одной текущей группой; аппаратная независимость/диммирование TBC.
P84-CM-005,P65-SW-03,SW03,P84-G-COVE,"[""P79-L04""]","[""P68-L-V4""]",LOCAL_GROUP_CONTROL,TBC_HARDWARE_KEY_COUNT,PROPOSED_REMAP_FOR_CLIENT_REVIEW,Логическая связь; не трасса кабеля. Раздельные старые функции могут обслуживаться одной текущей группой; аппаратная независимость/диммирование TBC.
P84-CM-006,P65-SW-03,SW03,P84-G-DINING,"[""P79-L01""]","[""P65-L-D1""]",LOCAL_GROUP_CONTROL,TBC_HARDWARE_KEY_COUNT,PROPOSED_REMAP_FOR_CLIENT_REVIEW,Логическая связь; не трасса кабеля. Раздельные старые функции могут обслуживаться одной текущей группой; аппаратная независимость/диммирование TBC.
P84-CM-007,P65-SW-03,SW03,P84-G-KITCHEN,"[""P79-L05""]","[""P65-L-K1"",""P65-L-K2"",""P65-L-I1""]",LOCAL_GROUP_CONTROL,TBC_HARDWARE_KEY_COUNT,PROPOSED_REMAP_FOR_CLIENT_REVIEW,Логическая связь; не трасса кабеля. Раздельные старые функции могут обслуживаться одной текущей группой; аппаратная независимость/диммирование TBC.
P84-CM-008,P65-SW-03,SW03,P84-G-LIVING,"[""P79-L02"",""P79-L03""]","[""P65-L-V1"",""P65-L-V3""]",LOCAL_GROUP_CONTROL,TBC_HARDWARE_KEY_COUNT,PROPOSED_REMAP_FOR_CLIENT_REVIEW,Логическая связь; не трасса кабеля. Раздельные старые функции могут обслуживаться одной текущей группой; аппаратная независимость/диммирование TBC.
P84-CM-009,P65-SW-03,SW03,P84-G-P65-L-V2,"[""P65-L-V2-01""]","[""P65-L-V2""]",LOCAL_GROUP_CONTROL,TBC_HARDWARE_KEY_COUNT,PROPOSED_REMAP_FOR_CLIENT_REVIEW,Логическая связь; не трасса кабеля. Раздельные старые функции могут обслуживаться одной текущей группой; аппаратная независимость/диммирование TBC.
P84-CM-010,P65-SW-04,SW04,P84-G-COVE,"[""P79-L04""]","[""P68-L-V4""]",LOCAL_GROUP_CONTROL,TBC_HARDWARE_KEY_COUNT,PROPOSED_REMAP_FOR_CLIENT_REVIEW,Логическая связь; не трасса кабеля. Раздельные старые функции могут обслуживаться одной текущей группой; аппаратная независимость/диммирование TBC.
P84-CM-011,P65-SW-04,SW04,P84-G-DINING,"[""P79-L01""]","[""P65-L-D1""]",LOCAL_GROUP_CONTROL,TBC_HARDWARE_KEY_COUNT,PROPOSED_REMAP_FOR_CLIENT_REVIEW,Логическая связь; не трасса кабеля. Раздельные старые функции могут обслуживаться одной текущей группой; аппаратная независимость/диммирование TBC.
P84-CM-012,P65-SW-04,SW04,P84-G-LIVING,"[""P79-L02"",""P79-L03""]","[""P65-L-V1""]",LOCAL_GROUP_CONTROL,TBC_HARDWARE_KEY_COUNT,PROPOSED_REMAP_FOR_CLIENT_REVIEW,Логическая связь; не трасса кабеля. Раздельные старые функции могут обслуживаться одной текущей группой; аппаратная независимость/диммирование TBC.
P84-CM-013,P65-SW-04,SW04,P84-G-P65-L-E1,"[""P65-L-E1-01"",""P65-L-E1-02""]","[""P65-L-E1""]",LOCAL_GROUP_CONTROL,TBC_HARDWARE_KEY_COUNT,PROPOSED_REMAP_FOR_CLIENT_REVIEW,Логическая связь; не трасса кабеля. Раздельные старые функции могут обслуживаться одной текущей группой; аппаратная независимость/диммирование TBC.
P84-CM-014,P65-SW-04,SW04,P84-G-P65-L-V2,"[""P65-L-V2-01""]","[""P65-L-V2""]",LOCAL_GROUP_CONTROL,TBC_HARDWARE_KEY_COUNT,PROPOSED_REMAP_FOR_CLIENT_REVIEW,Логическая связь; не трасса кабеля. Раздельные старые функции могут обслуживаться одной текущей группой; аппаратная независимость/диммирование TBC.
P84-CM-015,P65-SW-05,SW05,P84-G-COVE,"[""P79-L04""]","[""P68-L-V4""]",LOCAL_GROUP_CONTROL,TBC_HARDWARE_KEY_COUNT,PROPOSED_REMAP_FOR_CLIENT_REVIEW,Логическая связь; не трасса кабеля. Раздельные старые функции могут обслуживаться одной текущей группой; аппаратная независимость/диммирование TBC.
P84-CM-016,P65-SW-05,SW05,P84-G-LIVING,"[""P79-L02"",""P79-L03""]","[""P65-L-V1"",""P65-L-V3""]",LOCAL_GROUP_CONTROL,TBC_HARDWARE_KEY_COUNT,PROPOSED_REMAP_FOR_CLIENT_REVIEW,Логическая связь; не трасса кабеля. Раздельные старые функции могут обслуживаться одной текущей группой; аппаратная независимость/диммирование TBC.
P84-CM-017,P65-SW-05,SW05,P84-G-P65-L-V2,"[""P65-L-V2-01""]","[""P65-L-V2""]",LOCAL_GROUP_CONTROL,TBC_HARDWARE_KEY_COUNT,PROPOSED_REMAP_FOR_CLIENT_REVIEW,Логическая связь; не трасса кабеля. Раздельные старые функции могут обслуживаться одной текущей группой; аппаратная независимость/диммирование TBC.
P84-CM-018,P65-SW-06,SW06,P84-G-P26-A-R02-GENERAL,"[""P79-L11"",""P79-L12""]","[""P65-L-G1"",""P65-L-G3"",""P65-L-G4""]",LOCAL_GROUP_CONTROL,TBC_HARDWARE_KEY_COUNT,PROPOSED_REMAP_FOR_CLIENT_REVIEW,Логическая связь; не трасса кабеля. Раздельные старые функции могут обслуживаться одной текущей группой; аппаратная независимость/диммирование TBC.
P84-CM-019,P65-SW-06,SW06,P84-G-P65-L-G2,"[""P65-L-G2-01"",""P65-L-G2-02""]","[""P65-L-G2""]",LOCAL_GROUP_CONTROL,TBC_HARDWARE_KEY_COUNT,PROPOSED_REMAP_FOR_CLIENT_REVIEW,Логическая связь; не трасса кабеля. Раздельные старые функции могут обслуживаться одной текущей группой; аппаратная независимость/диммирование TBC.
P84-CM-020,P65-SW-07,SW07,P84-G-P26-A-R03-GENERAL,"[""P79-L13"",""P79-L14""]","[""P65-L-M1"",""P65-L-M3""]",LOCAL_GROUP_CONTROL,TBC_HARDWARE_KEY_COUNT,PROPOSED_REMAP_FOR_CLIENT_REVIEW,Логическая связь; не трасса кабеля. Раздельные старые функции могут обслуживаться одной текущей группой; аппаратная независимость/диммирование TBC.
P84-CM-021,P65-SW-07,SW07,P84-G-P65-L-M2,"[""P65-L-M2-01"",""P65-L-M2-02""]","[""P65-L-M2""]",LOCAL_GROUP_CONTROL,TBC_HARDWARE_KEY_COUNT,PROPOSED_REMAP_FOR_CLIENT_REVIEW,Логическая связь; не трасса кабеля. Раздельные старые функции могут обслуживаться одной текущей группой; аппаратная независимость/диммирование TBC.
P84-CM-022,P65-SW-08,SW08,P84-G-P26-A-R04-GENERAL,"[""P79-L07""]","[""P65-L-B1""]",LOCAL_GROUP_CONTROL,TBC_HARDWARE_KEY_COUNT,PROPOSED_REMAP_FOR_CLIENT_REVIEW,Логическая связь; не трасса кабеля. Раздельные старые функции могут обслуживаться одной текущей группой; аппаратная независимость/диммирование TBC.
P84-CM-023,P65-SW-08,SW08,P84-G-P26-A-R04-WARDROBE,"[""P79-L08""]","[""P65-L-B5""]",LOCAL_GROUP_CONTROL,TBC_HARDWARE_KEY_COUNT,PROPOSED_REMAP_FOR_CLIENT_REVIEW,Логическая связь; не трасса кабеля. Раздельные старые функции могут обслуживаться одной текущей группой; аппаратная независимость/диммирование TBC.
P84-CM-024,P65-SW-09,SW09,P84-G-P26-A-R03-GENERAL,"[""P79-L13"",""P79-L14""]","[""P65-L-M1""]",LOCAL_GROUP_CONTROL,TBC_HARDWARE_KEY_COUNT,PROPOSED_REMAP_FOR_CLIENT_REVIEW,Логическая связь; не трасса кабеля. Раздельные старые функции могут обслуживаться одной текущей группой; аппаратная независимость/диммирование TBC.
P84-CM-025,P65-SW-09,SW09,P84-G-P26-A-R04-GENERAL,"[""P79-L07""]","[""P65-L-B1""]",LOCAL_GROUP_CONTROL,TBC_HARDWARE_KEY_COUNT,PROPOSED_REMAP_FOR_CLIENT_REVIEW,Логическая связь; не трасса кабеля. Раздельные старые функции могут обслуживаться одной текущей группой; аппаратная независимость/диммирование TBC.
P84-CM-026,P65-SW-09,SW09,P84-G-P65-L-B2,"[""P65-L-B2-01""]","[""P65-L-B2""]",LOCAL_GROUP_CONTROL,TBC_HARDWARE_KEY_COUNT,PROPOSED_REMAP_FOR_CLIENT_REVIEW,Логическая связь; не трасса кабеля. Раздельные старые функции могут обслуживаться одной текущей группой; аппаратная независимость/диммирование TBC.
P84-CM-027,P65-SW-09,SW09,P84-G-P65-L-B4,"[""P65-L-B4-01""]","[""P65-L-B4""]",LOCAL_GROUP_CONTROL,TBC_HARDWARE_KEY_COUNT,PROPOSED_REMAP_FOR_CLIENT_REVIEW,Логическая связь; не трасса кабеля. Раздельные старые функции могут обслуживаться одной текущей группой; аппаратная независимость/диммирование TBC.
P84-CM-028,P65-SW-10,SW10,P84-G-P26-A-R03-GENERAL,"[""P79-L13"",""P79-L14""]","[""P65-L-M1""]",LOCAL_GROUP_CONTROL,TBC_HARDWARE_KEY_COUNT,PROPOSED_REMAP_FOR_CLIENT_REVIEW,Логическая связь; не трасса кабеля. Раздельные старые функции могут обслуживаться одной текущей группой; аппаратная независимость/диммирование TBC.
P84-CM-029,P65-SW-10,SW10,P84-G-P26-A-R04-GENERAL,"[""P79-L07""]","[""P65-L-B1""]",LOCAL_GROUP_CONTROL,TBC_HARDWARE_KEY_COUNT,PROPOSED_REMAP_FOR_CLIENT_REVIEW,Логическая связь; не трасса кабеля. Раздельные старые функции могут обслуживаться одной текущей группой; аппаратная независимость/диммирование TBC.
P84-CM-030,P65-SW-10,SW10,P84-G-P65-L-B3,"[""P65-L-B3-01""]","[""P65-L-B3""]",LOCAL_GROUP_CONTROL,TBC_HARDWARE_KEY_COUNT,PROPOSED_REMAP_FOR_CLIENT_REVIEW,Логическая связь; не трасса кабеля. Раздельные старые функции могут обслуживаться одной текущей группой; аппаратная независимость/диммирование TBC.
P84-CM-031,P65-SW-10,SW10,P84-G-P65-L-B4,"[""P65-L-B4-01""]","[""P65-L-B4""]",LOCAL_GROUP_CONTROL,TBC_HARDWARE_KEY_COUNT,PROPOSED_REMAP_FOR_CLIENT_REVIEW,Логическая связь; не трасса кабеля. Раздельные старые функции могут обслуживаться одной текущей группой; аппаратная независимость/диммирование TBC.
P84-CM-032,P65-SW-11,SW11,P84-G-P26-A-R05-GENERAL,"[""P79-L09""]","[""P65-L-C1""]",LOCAL_GROUP_CONTROL,TBC_HARDWARE_KEY_COUNT,PROPOSED_REMAP_FOR_CLIENT_REVIEW,Логическая связь; не трасса кабеля. Раздельные старые функции могут обслуживаться одной текущей группой; аппаратная независимость/диммирование TBC.
P84-CM-033,P65-SW-11,SW11,P84-G-P26-A-R05-WARDROBE,"[""P79-L10""]","[""P65-L-C5""]",LOCAL_GROUP_CONTROL,TBC_HARDWARE_KEY_COUNT,PROPOSED_REMAP_FOR_CLIENT_REVIEW,Логическая связь; не трасса кабеля. Раздельные старые функции могут обслуживаться одной текущей группой; аппаратная независимость/диммирование TBC.
P84-CM-034,P65-SW-12,SW12,P84-G-P26-A-R05-GENERAL,"[""P79-L09""]","[""P65-L-C1""]",LOCAL_GROUP_CONTROL,TBC_HARDWARE_KEY_COUNT,PROPOSED_REMAP_FOR_CLIENT_REVIEW,Логическая связь; не трасса кабеля. Раздельные старые функции могут обслуживаться одной текущей группой; аппаратная независимость/диммирование TBC.
P84-CM-035,P65-SW-12,SW12,P84-G-P65-L-C2,"[""P65-L-C2-01""]","[""P65-L-C2""]",LOCAL_GROUP_CONTROL,TBC_HARDWARE_KEY_COUNT,PROPOSED_REMAP_FOR_CLIENT_REVIEW,Логическая связь; не трасса кабеля. Раздельные старые функции могут обслуживаться одной текущей группой; аппаратная независимость/диммирование TBC.
P84-CM-036,P65-SW-12,SW12,P84-G-P65-L-C4,"[""P65-L-C4-01""]","[""P65-L-C4""]",LOCAL_GROUP_CONTROL,TBC_HARDWARE_KEY_COUNT,PROPOSED_REMAP_FOR_CLIENT_REVIEW,Логическая связь; не трасса кабеля. Раздельные старые функции могут обслуживаться одной текущей группой; аппаратная независимость/диммирование TBC.
P84-CM-037,P65-SW-13,SW13,P84-G-P26-A-R05-GENERAL,"[""P79-L09""]","[""P65-L-C1""]",LOCAL_GROUP_CONTROL,TBC_HARDWARE_KEY_COUNT,PROPOSED_REMAP_FOR_CLIENT_REVIEW,Логическая связь; не трасса кабеля. Раздельные старые функции могут обслуживаться одной текущей группой; аппаратная независимость/диммирование TBC.
P84-CM-038,P65-SW-13,SW13,P84-G-P65-L-C3,"[""P65-L-C3-01""]","[""P65-L-C3""]",LOCAL_GROUP_CONTROL,TBC_HARDWARE_KEY_COUNT,PROPOSED_REMAP_FOR_CLIENT_REVIEW,Логическая связь; не трасса кабеля. Раздельные старые функции могут обслуживаться одной текущей группой; аппаратная независимость/диммирование TBC.
P84-CM-039,P65-SW-13,SW13,P84-G-P65-L-C4,"[""P65-L-C4-01""]","[""P65-L-C4""]",LOCAL_GROUP_CONTROL,TBC_HARDWARE_KEY_COUNT,PROPOSED_REMAP_FOR_CLIENT_REVIEW,Логическая связь; не трасса кабеля. Раздельные старые функции могут обслуживаться одной текущей группой; аппаратная независимость/диммирование TBC.
P84-CM-040,P65-SW-14,SW14,P84-G-LOUNGE-DINING,"[""P79-L15""]","[""P65-L-A1""]",LOCAL_GROUP_CONTROL,TBC_HARDWARE_KEY_COUNT,PROPOSED_REMAP_FOR_CLIENT_REVIEW,Логическая связь; не трасса кабеля. Раздельные старые функции могут обслуживаться одной текущей группой; аппаратная независимость/диммирование TBC.
P84-CM-041,P65-SW-14,SW14,P84-G-LOUNGE-PASSAGE,"[""P79-L17""]","[""P65-L-A3""]",LOCAL_GROUP_CONTROL,TBC_HARDWARE_KEY_COUNT,PROPOSED_REMAP_FOR_CLIENT_REVIEW,Логическая связь; не трасса кабеля. Раздельные старые функции могут обслуживаться одной текущей группой; аппаратная независимость/диммирование TBC.
P84-CM-042,P65-SW-14,SW14,P84-G-P65-L-E1,"[""P65-L-E1-01"",""P65-L-E1-02""]","[""P65-L-E1""]",LOCAL_GROUP_CONTROL,TBC_HARDWARE_KEY_COUNT,PROPOSED_REMAP_FOR_CLIENT_REVIEW,Логическая связь; не трасса кабеля. Раздельные старые функции могут обслуживаться одной текущей группой; аппаратная независимость/диммирование TBC.
P84-CM-043,P65-SW-14,SW14,P84-G-P65-L-E2,"[""P65-L-E2-01""]","[""P65-L-E2""]",LOCAL_GROUP_CONTROL,TBC_HARDWARE_KEY_COUNT,PROPOSED_REMAP_FOR_CLIENT_REVIEW,Логическая связь; не трасса кабеля. Раздельные старые функции могут обслуживаться одной текущей группой; аппаратная независимость/диммирование TBC.
P84-CM-044,P65-SW-15,SW15,P84-G-LOUNGE-DINING,"[""P79-L15""]","[""P65-L-A1""]",LOCAL_GROUP_CONTROL,TBC_HARDWARE_KEY_COUNT,PROPOSED_REMAP_FOR_CLIENT_REVIEW,Логическая связь; не трасса кабеля. Раздельные старые функции могут обслуживаться одной текущей группой; аппаратная независимость/диммирование TBC.
P84-CM-045,P65-SW-15,SW15,P84-G-LOUNGE-PASSAGE,"[""P79-L17""]","[""P65-L-A3""]",LOCAL_GROUP_CONTROL,TBC_HARDWARE_KEY_COUNT,PROPOSED_REMAP_FOR_CLIENT_REVIEW,Логическая связь; не трасса кабеля. Раздельные старые функции могут обслуживаться одной текущей группой; аппаратная независимость/диммирование TBC.
P84-CM-046,P65-SW-15,SW15,P84-G-LOUNGE-WORK,"[""P79-L16""]","[""P65-L-A2""]",LOCAL_GROUP_CONTROL,TBC_HARDWARE_KEY_COUNT,PROPOSED_REMAP_FOR_CLIENT_REVIEW,Логическая связь; не трасса кабеля. Раздельные старые функции могут обслуживаться одной текущей группой; аппаратная независимость/диммирование TBC.
P84-CM-047,P65-SW-16,SW16,P84-G-LOUNGE-WORK,"[""P79-L16""]","[""P65-L-A2""]",LOCAL_GROUP_CONTROL,TBC_HARDWARE_KEY_COUNT,PROPOSED_REMAP_FOR_CLIENT_REVIEW,Логическая связь; не трасса кабеля. Раздельные старые функции могут обслуживаться одной текущей группой; аппаратная независимость/диммирование TBC.
P84-CM-048,P65-SW-00,SW00,P84-G-COVE,"[""P79-L04""]","[""P68-L-V4""]",LIGHTS_OFF_ONLY,TBC_HARDWARE_KEY_COUNT,PROPOSED_REMAP_FOR_CLIENT_REVIEW,Логическая связь; не трасса кабеля. Раздельные старые функции могут обслуживаться одной текущей группой; аппаратная независимость/диммирование TBC.
P84-CM-049,P65-SW-00,SW00,P84-G-DINING,"[""P79-L01""]","[""P65-L-D1""]",LIGHTS_OFF_ONLY,TBC_HARDWARE_KEY_COUNT,PROPOSED_REMAP_FOR_CLIENT_REVIEW,Логическая связь; не трасса кабеля. Раздельные старые функции могут обслуживаться одной текущей группой; аппаратная независимость/диммирование TBC.
P84-CM-050,P65-SW-00,SW00,P84-G-HALL,"[""P79-L06""]","[""P65-L-H1"",""P65-L-H3""]",LIGHTS_OFF_ONLY,TBC_HARDWARE_KEY_COUNT,PROPOSED_REMAP_FOR_CLIENT_REVIEW,Логическая связь; не трасса кабеля. Раздельные старые функции могут обслуживаться одной текущей группой; аппаратная независимость/диммирование TBC.
P84-CM-051,P65-SW-00,SW00,P84-G-KITCHEN,"[""P79-L05""]","[""P65-L-K1"",""P65-L-K2"",""P65-L-I1""]",LIGHTS_OFF_ONLY,TBC_HARDWARE_KEY_COUNT,PROPOSED_REMAP_FOR_CLIENT_REVIEW,Логическая связь; не трасса кабеля. Раздельные старые функции могут обслуживаться одной текущей группой; аппаратная независимость/диммирование TBC.
P84-CM-052,P65-SW-00,SW00,P84-G-LIVING,"[""P79-L02"",""P79-L03""]","[""P65-L-V1"",""P65-L-V3""]",LIGHTS_OFF_ONLY,TBC_HARDWARE_KEY_COUNT,PROPOSED_REMAP_FOR_CLIENT_REVIEW,Логическая связь; не трасса кабеля. Раздельные старые функции могут обслуживаться одной текущей группой; аппаратная независимость/диммирование TBC.
P84-CM-053,P65-SW-00,SW00,P84-G-LOUNGE-DINING,"[""P79-L15""]","[""P65-L-A1""]",LIGHTS_OFF_ONLY,TBC_HARDWARE_KEY_COUNT,PROPOSED_REMAP_FOR_CLIENT_REVIEW,Логическая связь; не трасса кабеля. Раздельные старые функции могут обслуживаться одной текущей группой; аппаратная независимость/диммирование TBC.
P84-CM-054,P65-SW-00,SW00,P84-G-LOUNGE-PASSAGE,"[""P79-L17""]","[""P65-L-A3""]",LIGHTS_OFF_ONLY,TBC_HARDWARE_KEY_COUNT,PROPOSED_REMAP_FOR_CLIENT_REVIEW,Логическая связь; не трасса кабеля. Раздельные старые функции могут обслуживаться одной текущей группой; аппаратная независимость/диммирование TBC.
P84-CM-055,P65-SW-00,SW00,P84-G-LOUNGE-WORK,"[""P79-L16""]","[""P65-L-A2""]",LIGHTS_OFF_ONLY,TBC_HARDWARE_KEY_COUNT,PROPOSED_REMAP_FOR_CLIENT_REVIEW,Логическая связь; не трасса кабеля. Раздельные старые функции могут обслуживаться одной текущей группой; аппаратная независимость/диммирование TBC.
P84-CM-056,P65-SW-00,SW00,P84-G-P26-A-R02-GENERAL,"[""P79-L11"",""P79-L12""]","[""P65-L-G1"",""P65-L-G3"",""P65-L-G4""]",LIGHTS_OFF_ONLY,TBC_HARDWARE_KEY_COUNT,PROPOSED_REMAP_FOR_CLIENT_REVIEW,Логическая связь; не трасса кабеля. Раздельные старые функции могут обслуживаться одной текущей группой; аппаратная независимость/диммирование TBC.
P84-CM-057,P65-SW-00,SW00,P84-G-P26-A-R03-GENERAL,"[""P79-L13"",""P79-L14""]","[""P65-L-M1"",""P65-L-M3""]",LIGHTS_OFF_ONLY,TBC_HARDWARE_KEY_COUNT,PROPOSED_REMAP_FOR_CLIENT_REVIEW,Логическая связь; не трасса кабеля. Раздельные старые функции могут обслуживаться одной текущей группой; аппаратная независимость/диммирование TBC.
P84-CM-058,P65-SW-00,SW00,P84-G-P26-A-R04-GENERAL,"[""P79-L07""]","[""P65-L-B1""]",LIGHTS_OFF_ONLY,TBC_HARDWARE_KEY_COUNT,PROPOSED_REMAP_FOR_CLIENT_REVIEW,Логическая связь; не трасса кабеля. Раздельные старые функции могут обслуживаться одной текущей группой; аппаратная независимость/диммирование TBC.
P84-CM-059,P65-SW-00,SW00,P84-G-P26-A-R04-WARDROBE,"[""P79-L08""]","[""P65-L-B5""]",LIGHTS_OFF_ONLY,TBC_HARDWARE_KEY_COUNT,PROPOSED_REMAP_FOR_CLIENT_REVIEW,Логическая связь; не трасса кабеля. Раздельные старые функции могут обслуживаться одной текущей группой; аппаратная независимость/диммирование TBC.
P84-CM-060,P65-SW-00,SW00,P84-G-P26-A-R05-GENERAL,"[""P79-L09""]","[""P65-L-C1""]",LIGHTS_OFF_ONLY,TBC_HARDWARE_KEY_COUNT,PROPOSED_REMAP_FOR_CLIENT_REVIEW,Логическая связь; не трасса кабеля. Раздельные старые функции могут обслуживаться одной текущей группой; аппаратная независимость/диммирование TBC.
P84-CM-061,P65-SW-00,SW00,P84-G-P26-A-R05-WARDROBE,"[""P79-L10""]","[""P65-L-C5""]",LIGHTS_OFF_ONLY,TBC_HARDWARE_KEY_COUNT,PROPOSED_REMAP_FOR_CLIENT_REVIEW,Логическая связь; не трасса кабеля. Раздельные старые функции могут обслуживаться одной текущей группой; аппаратная независимость/диммирование TBC.
P84-CM-062,P65-SW-00,SW00,P84-G-P65-L-B2,"[""P65-L-B2-01""]","[""P65-L-B2""]",LIGHTS_OFF_ONLY,TBC_HARDWARE_KEY_COUNT,PROPOSED_REMAP_FOR_CLIENT_REVIEW,Логическая связь; не трасса кабеля. Раздельные старые функции могут обслуживаться одной текущей группой; аппаратная независимость/диммирование TBC.
P84-CM-063,P65-SW-00,SW00,P84-G-P65-L-B3,"[""P65-L-B3-01""]","[""P65-L-B3""]",LIGHTS_OFF_ONLY,TBC_HARDWARE_KEY_COUNT,PROPOSED_REMAP_FOR_CLIENT_REVIEW,Логическая связь; не трасса кабеля. Раздельные старые функции могут обслуживаться одной текущей группой; аппаратная независимость/диммирование TBC.
P84-CM-064,P65-SW-00,SW00,P84-G-P65-L-B4,"[""P65-L-B4-01""]","[""P65-L-B4""]",LIGHTS_OFF_ONLY,TBC_HARDWARE_KEY_COUNT,PROPOSED_REMAP_FOR_CLIENT_REVIEW,Логическая связь; не трасса кабеля. Раздельные старые функции могут обслуживаться одной текущей группой; аппаратная независимость/диммирование TBC.
P84-CM-065,P65-SW-00,SW00,P84-G-P65-L-C2,"[""P65-L-C2-01""]","[""P65-L-C2""]",LIGHTS_OFF_ONLY,TBC_HARDWARE_KEY_COUNT,PROPOSED_REMAP_FOR_CLIENT_REVIEW,Логическая связь; не трасса кабеля. Раздельные старые функции могут обслуживаться одной текущей группой; аппаратная независимость/диммирование TBC.
P84-CM-066,P65-SW-00,SW00,P84-G-P65-L-C3,"[""P65-L-C3-01""]","[""P65-L-C3""]",LIGHTS_OFF_ONLY,TBC_HARDWARE_KEY_COUNT,PROPOSED_REMAP_FOR_CLIENT_REVIEW,Логическая связь; не трасса кабеля. Раздельные старые функции могут обслуживаться одной текущей группой; аппаратная независимость/диммирование TBC.
P84-CM-067,P65-SW-00,SW00,P84-G-P65-L-C4,"[""P65-L-C4-01""]","[""P65-L-C4""]",LIGHTS_OFF_ONLY,TBC_HARDWARE_KEY_COUNT,PROPOSED_REMAP_FOR_CLIENT_REVIEW,Логическая связь; не трасса кабеля. Раздельные старые функции могут обслуживаться одной текущей группой; аппаратная независимость/диммирование TBC.
P84-CM-068,P65-SW-00,SW00,P84-G-P65-L-E1,"[""P65-L-E1-01"",""P65-L-E1-02""]","[""P65-L-E1""]",LIGHTS_OFF_ONLY,TBC_HARDWARE_KEY_COUNT,PROPOSED_REMAP_FOR_CLIENT_REVIEW,Логическая связь; не трасса кабеля. Раздельные старые функции могут обслуживаться одной текущей группой; аппаратная независимость/диммирование TBC.
P84-CM-069,P65-SW-00,SW00,P84-G-P65-L-E2,"[""P65-L-E2-01""]","[""P65-L-E2""]",LIGHTS_OFF_ONLY,TBC_HARDWARE_KEY_COUNT,PROPOSED_REMAP_FOR_CLIENT_REVIEW,Логическая связь; не трасса кабеля. Раздельные старые функции могут обслуживаться одной текущей группой; аппаратная независимость/диммирование TBC.
P84-CM-070,P65-SW-00,SW00,P84-G-P65-L-G2,"[""P65-L-G2-01"",""P65-L-G2-02""]","[""P65-L-G2""]",LIGHTS_OFF_ONLY,TBC_HARDWARE_KEY_COUNT,PROPOSED_REMAP_FOR_CLIENT_REVIEW,Логическая связь; не трасса кабеля. Раздельные старые функции могут обслуживаться одной текущей группой; аппаратная независимость/диммирование TBC.
P84-CM-071,P65-SW-00,SW00,P84-G-P65-L-H2,"[""P65-L-H2-01""]","[""P65-L-H2""]",LIGHTS_OFF_ONLY,TBC_HARDWARE_KEY_COUNT,PROPOSED_REMAP_FOR_CLIENT_REVIEW,Логическая связь; не трасса кабеля. Раздельные старые функции могут обслуживаться одной текущей группой; аппаратная независимость/диммирование TBC.
P84-CM-072,P65-SW-00,SW00,P84-G-P65-L-M2,"[""P65-L-M2-01"",""P65-L-M2-02""]","[""P65-L-M2""]",LIGHTS_OFF_ONLY,TBC_HARDWARE_KEY_COUNT,PROPOSED_REMAP_FOR_CLIENT_REVIEW,Логическая связь; не трасса кабеля. Раздельные старые функции могут обслуживаться одной текущей группой; аппаратная независимость/диммирование TBC.
P84-CM-073,P65-SW-00,SW00,P84-G-P65-L-V2,"[""P65-L-V2-01""]","[""P65-L-V2""]",LIGHTS_OFF_ONLY,TBC_HARDWARE_KEY_COUNT,PROPOSED_REMAP_FOR_CLIENT_REVIEW,Логическая связь; не трасса кабеля. Раздельные старые функции могут обслуживаться одной текущей группой; аппаратная независимость/диммирование TBC.
