id,scope,name_ru,status,required_action_ru,owner,point_ids,closed
P84-E-OPEN-001,POINT_SET_OUT,P15 — привязка/доступ HOLD,CONFLICT,"Не в двери гардероба. Мастер: неподвижная секция западного фасада шкафа требует отдельного согласования мебельщика; существующий фасад сам по себе не подтверждает поверхность для розетки, mount HOLD. Согласовать механизм, рамку, чистовую поверхность, доступ и высоту с фактической мебелью; проверить применимые требования.",electrical-designer,"[""P65-P-15""]",False
P84-E-OPEN-002,POINT_SET_OUT,P21 — привязка/доступ HOLD,CONFLICT,"Два потребителя, не двойник/удлинитель. Вынести доступные точки из-за машин после выбранных инструкций; мокрые зоны не рассчитаны. P84: прежний маркер [7985,1915] — центр корпуса колонны 650×650. Физическое подключение удержано null; два раздельных прибора не подменены двойником. Выбрать изделие и определить доступный вывод, тип подключения, точные XY/высоту и сервисный доступ по его документации.",electrical-designer,"[""P65-P-21""]",False
P84-E-OPEN-003,POINT_SET_OUT,P27 — привязка/доступ HOLD,CONFLICT,"Внутри тумбы не означает вне мокрой зоны. Продукт, зона, доступ и отделка не подтверждены. Выбрать изделие и определить доступный вывод, тип подключения, точные XY/высоту и сервисный доступ по его документации.",electrical-designer,"[""P65-P-27""]",False
P84-E-OPEN-004,POINT_SET_OUT,P30 — привязка/доступ HOLD,CONFLICT,"Актуальный простенок от конца столешницы x6300 до D01 x6560 =260мм; центр x6360:60мм от столешницы,200мм от D01. Высота850 — старое графическое предположение; высота столешницы лаунджа неизвестна. HOLD до изделия/мокрой зоны/рамы. Согласовать механизм, рамку, чистовую поверхность, доступ и высоту с фактической мебелью; проверить применимые требования.",electrical-designer,"[""P65-P-30""]",False
P84-E-OPEN-005,POINT_SET_OUT,SW01 — привязка/доступ HOLD,CONFLICT,"P84: от края D01 x7460 до центра7550 =90мм; рамка/наличник TBC. Утвердить число клавиш/сцен, рамку, наличник, чистовую стену и глубину коробки; проверить доступ. 1100/950мм — сохранённая примерка, не норма.",electrical-designer,"[""P65-SW-01""]",False
P84-E-OPEN-006,POINT_SET_OUT,SW06 — привязка/доступ HOLD,CONFLICT,"P84: простенок150мм y400..550, центр475; по75мм от краёв. HOLD. Утвердить число клавиш/сцен, рамку, наличник, чистовую стену и глубину коробки; проверить доступ. 1100/950мм — сохранённая примерка, не норма.",electrical-designer,"[""P65-SW-06""]",False
P84-E-OPEN-007,POINT_SET_OUT,SW07 — привязка/доступ HOLD,CONFLICT,"P84: parked D04 до8790, D05 от8910; центр8850, по60мм. HOLD. Утвердить число клавиш/сцен, рамку, наличник, чистовую стену и глубину коробки; проверить доступ. 1100/950мм — сохранённая примерка, не норма.",electrical-designer,"[""P65-SW-07""]",False
P84-E-OPEN-008,POINT_SET_OUT,SW11 — привязка/доступ HOLD,CONFLICT,"P84: край D06 x6340, точка6460, граница6600;120мм/140мм. HOLD до проверки рамки и открывания. Утвердить число клавиш/сцен, рамку, наличник, чистовую стену и глубину коробки; проверить доступ. 1100/950мм — сохранённая примерка, не норма.",electrical-designer,"[""P65-SW-11""]",False
P84-E-OPEN-009,POINT_SET_OUT,SW16 — привязка/доступ HOLD,CONFLICT,"P84: конец столешницы6300; D01 начинается6560. Простенок260мм, центр6390:90/170мм. HOLD до рамки/влаги. Утвердить число клавиш/сцен, рамку, наличник, чистовую стену и глубину коробки; проверить доступ. 1100/950мм — сохранённая примерка, не норма.",electrical-designer,"[""P65-SW-16""]",False
P84-E-OPEN-010,LIGHTING_COVERAGE,Потолочная схема P79 объединяет несколько прежних функций,BLOCKING_TBC,"Проверить рабочий свет острова/столешницы, душа/постирочной и шкафа гостиной; фотометрия должна показать достаточность текущих групп. Акцент печи A4 не имеет действующего светильника. Утвердить объединение либо добавить адресные приборы.",lighting-designer,"[""P79-L05"",""P79-L03"",""P79-L11"",""P79-L12""]",False
P84-E-OPEN-011,SUPPLY_AND_BOARD,"Ввод, щит, цепи и защиты не рассчитаны",BLOCKING_TBC,"Получить подтверждённый ввод/фазы/мощность/earthing/fault, нагрузки изделий и current adopted requirements; назначить электрического проектировщика. Затем выполнить однолинейную схему, расчёты и щит.",electrical-designer,"[""P65-P-20"",""P84-E-BOARD""]",False
P84-E-OPEN-012,HEIGHTS_AND_FINISH,Монтажные высоты и поверхности не утверждены,BLOCKING_TBC,"Согласовать FFL/сборки отделки, механизмы и оборудование. Сохранённые1100/950/1200/1250/650/300/1450мм — пространственная примерка. Все actual_installation_height_mm остаются null.",electrical-designer,[],False
P84-E-OPEN-013,ROUTING,Коридоры не являются полной разводкой,BLOCKING_TBC,"После щита/конструкций/MEP выпустить board→circuit→route→каждый вывод, спуски, отметки, проходки, отделение ICT, кабели/защиты/длины. Сейчас места проходок и z неизвестны.",electrical-designer,[],False
P84-E-OPEN-014,SPECIAL_LOCATIONS,"Мокрые помещения, лаундж и наружные точки",BLOCKING_TBC,"Электрик определяет допустимость каждой точки, зоны, IP/защиту/уравнивание потенциалов по выбранной юрисдикции и изделиям. Мебельный зазор не электрический безопасный отступ.",electrical-designer,[],False
P84-E-OPEN-015,HVAC_INTERFACES,"P83: термостаты, UFH, насосы и сезонный лаундж",BLOCKING_TBC,"HVAC выдаёт управляемые зоны, коллектор/приводы, котёл/насосы, точные питания, датчики, блокировки. Гидравлические радиаторы не превращены в электронагрузки.",hvac-designer-and-electrical-designer,[],False
P84-E-OPEN-016,LOW_VOLTAGE_AND_SAFETY,ICT/датчики/life-safety: объём и независимые питания TBC,BLOCKING_TBC,"Owner low-voltage/fire определяет интернет/TV, сигнализацию, утечки/дым/CO и обязательные системы, линии связи и необходимые питания. Неизвестный scope не означает не требуется. Общий свет-off не отключает холодильник/инженерию/защиту.",low-voltage-and-fire-specialists,[],False
P84-E-OPEN-017,SPECIALIST_SCOPE,Lightning/EV/PV/battery/backup — applicability TBC,BLOCKING_TBC,"Для каждого scope получить решение применимости от ответственного специалиста; не подставлять размеры, мощности, необходимость либо отсутствие из типовой схемы.",electrical-designer,[],False
P84-E-OPEN-018,BEDROOM_MECHANISMS,Прикроватные блоки и бра: нет габаритов тумб по высоте,BLOCKING_TBC,Сверить650мм розеток и950мм клавиш с реальной высотой тумб/изголовья и светильниками; механизм бра может оказаться на той же XY. Проверить стеновые коробки с соседними комнатами.,interior-and-electrical-designer,"[""P65-P-13"",""P65-P-14"",""P65-P-16"",""P65-P-17"",""P65-SW-09"",""P65-SW-10"",""P65-SW-12"",""P65-SW-13""]",False
P84-E-OPEN-019,HEATING_OVERLAY,P83 радиаторы и варианты гостиной: пересечения после выбора,BLOCKING_TBC,RAD01 резервx8960..10280 иRAD02 x5600..6600 на южной стене сохранены. Северо-западный радиатор гостиной A не выбран и может конфликтовать со SW04; проверить при выборе. Конвектор B вдоль W01 не означает разрешённый электрический ввод.,hvac-and-electrical-designer,"[""P65-SW-04"",""P84-E-CONVECTOR""]",False
P84-E-OPEN-020,SCENES,Сцены P84: согласовать исправленную логику и аппаратуру,BLOCKING_TBC,"DINNER и LOUNGE_DINNER исправлены как P84 proposals; исходные source_conflict_group_ids/source_unmapped_tags сохранены. Утвердить текущие on/optional/off, реальные клавиши/сцены и проверить offline/restart на изделиях.",lighting-and-low-voltage-designers,[],False
P84-E-OPEN-021,LOUNGE_SOFA,У нового северного дивана нет местной зарядной точки,TBC,Проверить потребность Alex в локальной зарядке у P81-L-SOFA. Северный host — стекло; не назначать розетку на стекле и не тянуть шнур через проход. При подтверждении выбрать неподвижную панель/мебельный интерфейс с доступом.,client-and-electrical-designer,[],False
