id,source_ref,source_id,decision,target_point_id,reason_ru
P84-INC-001,04_documents/work-in-progress/P82/DATA/services-P80.json#/power_interfaces/0,P65-P-01,INCLUDED_ACTIVE_NEED,P65-P-01,Текущая потребность/место; installation coordinates не подтверждены.
P84-INC-002,04_documents/work-in-progress/P82/DATA/services-P80.json#/power_interfaces/1,P65-P-02,INCLUDED_ACTIVE_NEED,P65-P-02,Текущая потребность/место; installation coordinates не подтверждены.
P84-INC-003,04_documents/work-in-progress/P82/DATA/services-P80.json#/power_interfaces/2,P65-P-03,INCLUDED_ACTIVE_NEED,P65-P-03,Текущая потребность/место; installation coordinates не подтверждены.
P84-INC-004,04_documents/work-in-progress/P82/DATA/services-P80.json#/power_interfaces/3,P65-P-04,INCLUDED_ACTIVE_NEED,P65-P-04,Текущая потребность/место; installation coordinates не подтверждены.
P84-INC-005,04_documents/work-in-progress/P82/DATA/services-P80.json#/power_interfaces/4,P65-P-05,INCLUDED_ACTIVE_NEED,P65-P-05,Текущая потребность/место; installation coordinates не подтверждены.
P84-INC-006,04_documents/work-in-progress/P82/DATA/services-P80.json#/power_interfaces/5,P65-P-06,INCLUDED_ACTIVE_NEED,P65-P-06,Текущая потребность/место; installation coordinates не подтверждены.
P84-INC-007,04_documents/work-in-progress/P82/DATA/services-P80.json#/power_interfaces/6,P65-P-07,INCLUDED_ACTIVE_NEED,P65-P-07,Текущая потребность/место; installation coordinates не подтверждены.
P84-INC-008,04_documents/work-in-progress/P82/DATA/services-P80.json#/power_interfaces/7,P65-P-08,INCLUDED_ACTIVE_NEED,P65-P-08,Текущая потребность/место; installation coordinates не подтверждены.
P84-INC-009,04_documents/work-in-progress/P82/DATA/services-P80.json#/power_interfaces/8,P65-P-09,INCLUDED_ACTIVE_NEED,P65-P-09,Текущая потребность/место; installation coordinates не подтверждены.
P84-INC-010,04_documents/work-in-progress/P82/DATA/services-P80.json#/power_interfaces/9,P65-P-10,INCLUDED_ACTIVE_NEED,P65-P-10,Текущая потребность/место; installation coordinates не подтверждены.
P84-INC-011,04_documents/work-in-progress/P82/DATA/services-P80.json#/power_interfaces/10,P65-P-11,INCLUDED_ACTIVE_NEED,P65-P-11,Текущая потребность/место; installation coordinates не подтверждены.
P84-INC-012,04_documents/work-in-progress/P82/DATA/services-P80.json#/power_interfaces/11,P65-P-12,EXCLUDED_SUPERSEDED,,Снятая точка робота; новое назначение не выбрано. ID не переиспользован.
P84-INC-013,04_documents/work-in-progress/P82/DATA/services-P80.json#/power_interfaces/12,P65-P-13,INCLUDED_ACTIVE_NEED,P65-P-13,Текущая потребность/место; installation coordinates не подтверждены.
P84-INC-014,04_documents/work-in-progress/P82/DATA/services-P80.json#/power_interfaces/13,P65-P-14,INCLUDED_ACTIVE_NEED,P65-P-14,Текущая потребность/место; installation coordinates не подтверждены.
P84-INC-015,04_documents/work-in-progress/P82/DATA/services-P80.json#/power_interfaces/14,P65-P-15,INCLUDED_ACTIVE_NEED,P65-P-15,Текущая потребность/место; installation coordinates не подтверждены.
P84-INC-016,04_documents/work-in-progress/P82/DATA/services-P80.json#/power_interfaces/15,P65-P-16,INCLUDED_ACTIVE_NEED,P65-P-16,Текущая потребность/место; installation coordinates не подтверждены.
P84-INC-017,04_documents/work-in-progress/P82/DATA/services-P80.json#/power_interfaces/16,P65-P-17,INCLUDED_ACTIVE_NEED,P65-P-17,Текущая потребность/место; installation coordinates не подтверждены.
P84-INC-018,04_documents/work-in-progress/P82/DATA/services-P80.json#/power_interfaces/17,P65-P-18,INCLUDED_ACTIVE_NEED,P65-P-18,Текущая потребность/место; installation coordinates не подтверждены.
P84-INC-019,04_documents/work-in-progress/P82/DATA/services-P80.json#/power_interfaces/18,P65-P-19,INCLUDED_ACTIVE_NEED,P65-P-19,Текущая потребность/место; installation coordinates не подтверждены.
P84-INC-020,04_documents/work-in-progress/P82/DATA/services-P80.json#/power_interfaces/19,P65-P-20,INCLUDED_ACTIVE_NEED,P65-P-20,Текущая потребность/место; installation coordinates не подтверждены.
P84-INC-021,04_documents/work-in-progress/P82/DATA/services-P80.json#/power_interfaces/20,P65-P-21,INCLUDED_ACTIVE_NEED,P65-P-21,Текущая потребность/место; installation coordinates не подтверждены.
P84-INC-022,04_documents/work-in-progress/P82/DATA/services-P80.json#/power_interfaces/21,P65-P-22,INCLUDED_ACTIVE_NEED,P65-P-22,Текущая потребность/место; installation coordinates не подтверждены.
P84-INC-023,04_documents/work-in-progress/P82/DATA/services-P80.json#/power_interfaces/22,P65-P-23,INCLUDED_ACTIVE_NEED,P65-P-23,Текущая потребность/место; installation coordinates не подтверждены.
P84-INC-024,04_documents/work-in-progress/P82/DATA/services-P80.json#/power_interfaces/23,P65-P-24,INCLUDED_ACTIVE_NEED,P65-P-24,Текущая потребность/место; installation coordinates не подтверждены.
P84-INC-025,04_documents/work-in-progress/P82/DATA/services-P80.json#/power_interfaces/24,P65-P-25,INCLUDED_ACTIVE_NEED,P65-P-25,Текущая потребность/место; installation coordinates не подтверждены.
P84-INC-026,04_documents/work-in-progress/P82/DATA/services-P80.json#/power_interfaces/25,P65-P-26,INCLUDED_ACTIVE_NEED,P65-P-26,Текущая потребность/место; installation coordinates не подтверждены.
P84-INC-027,04_documents/work-in-progress/P82/DATA/services-P80.json#/power_interfaces/26,P65-P-27,INCLUDED_ACTIVE_NEED,P65-P-27,Текущая потребность/место; installation coordinates не подтверждены.
P84-INC-028,04_documents/work-in-progress/P82/DATA/services-P80.json#/power_interfaces/27,P65-P-28,INCLUDED_ACTIVE_NEED,P65-P-28,Текущая потребность/место; installation coordinates не подтверждены.
P84-INC-029,04_documents/work-in-progress/P82/DATA/services-P80.json#/power_interfaces/28,P65-P-29,INCLUDED_ACTIVE_NEED,P65-P-29,Текущая потребность/место; installation coordinates не подтверждены.
P84-INC-030,04_documents/work-in-progress/P82/DATA/services-P80.json#/power_interfaces/29,P65-P-30,INCLUDED_ACTIVE_NEED,P65-P-30,Текущая потребность/место; installation coordinates не подтверждены.
P84-INC-031,04_documents/work-in-progress/P82/DATA/services-P80.json#/power_interfaces/30,P65-P-31,INCLUDED_ACTIVE_NEED,P65-P-31,Текущая потребность/место; installation coordinates не подтверждены.
P84-INC-032,04_documents/work-in-progress/P82/DATA/services-P80.json#/power_interfaces/31,P65-P-32,INCLUDED_ACTIVE_NEED,P65-P-32,Текущая потребность/место; installation coordinates не подтверждены.
P84-INC-033,04_documents/work-in-progress/P82/DATA/services-P80.json#/power_interfaces/32,P68-P-33,INCLUDED_ACTIVE_NEED,P68-P-33,Текущая потребность/место; installation coordinates не подтверждены.
P84-INC-034,04_documents/work-in-progress/P82/DATA/services-P80.json#/power_interfaces/33,P68-P-34,INCLUDED_ACTIVE_NEED,P68-P-34,Текущая потребность/место; installation coordinates не подтверждены.
P84-INC-035,04_documents/work-in-progress/P82/DATA/services-P80.json#/power_interfaces/34,P78-P-FREEZER,INCLUDED_ACTIVE_NEED,P78-P-FREEZER,Текущая потребность/место; installation coordinates не подтверждены.
P84-INC-036,04_documents/work-in-progress/P82/DATA/services-P80.json#/controls/0,P65-SW-01,INCLUDED_REMAP_PROPOSAL,P65-SW-01,"Сохранены стабильные ID и trial высоты, пересчитаны привязки P81."
P84-INC-037,04_documents/work-in-progress/P82/DATA/services-P80.json#/controls/1,P65-SW-02,INCLUDED_REMAP_PROPOSAL,P65-SW-02,"Сохранены стабильные ID и trial высоты, пересчитаны привязки P81."
P84-INC-038,04_documents/work-in-progress/P82/DATA/services-P80.json#/controls/2,P65-SW-03,INCLUDED_REMAP_PROPOSAL,P65-SW-03,"Сохранены стабильные ID и trial высоты, пересчитаны привязки P81."
P84-INC-039,04_documents/work-in-progress/P82/DATA/services-P80.json#/controls/3,P65-SW-04,INCLUDED_REMAP_PROPOSAL,P65-SW-04,"Сохранены стабильные ID и trial высоты, пересчитаны привязки P81."
P84-INC-040,04_documents/work-in-progress/P82/DATA/services-P80.json#/controls/4,P65-SW-05,INCLUDED_REMAP_PROPOSAL,P65-SW-05,"Сохранены стабильные ID и trial высоты, пересчитаны привязки P81."
P84-INC-041,04_documents/work-in-progress/P82/DATA/services-P80.json#/controls/5,P65-SW-06,INCLUDED_REMAP_PROPOSAL,P65-SW-06,"Сохранены стабильные ID и trial высоты, пересчитаны привязки P81."
P84-INC-042,04_documents/work-in-progress/P82/DATA/services-P80.json#/controls/6,P65-SW-07,INCLUDED_REMAP_PROPOSAL,P65-SW-07,"Сохранены стабильные ID и trial высоты, пересчитаны привязки P81."
P84-INC-043,04_documents/work-in-progress/P82/DATA/services-P80.json#/controls/7,P65-SW-08,INCLUDED_REMAP_PROPOSAL,P65-SW-08,"Сохранены стабильные ID и trial высоты, пересчитаны привязки P81."
P84-INC-044,04_documents/work-in-progress/P82/DATA/services-P80.json#/controls/8,P65-SW-09,INCLUDED_REMAP_PROPOSAL,P65-SW-09,"Сохранены стабильные ID и trial высоты, пересчитаны привязки P81."
P84-INC-045,04_documents/work-in-progress/P82/DATA/services-P80.json#/controls/9,P65-SW-10,INCLUDED_REMAP_PROPOSAL,P65-SW-10,"Сохранены стабильные ID и trial высоты, пересчитаны привязки P81."
P84-INC-046,04_documents/work-in-progress/P82/DATA/services-P80.json#/controls/10,P65-SW-11,INCLUDED_REMAP_PROPOSAL,P65-SW-11,"Сохранены стабильные ID и trial высоты, пересчитаны привязки P81."
P84-INC-047,04_documents/work-in-progress/P82/DATA/services-P80.json#/controls/11,P65-SW-12,INCLUDED_REMAP_PROPOSAL,P65-SW-12,"Сохранены стабильные ID и trial высоты, пересчитаны привязки P81."
P84-INC-048,04_documents/work-in-progress/P82/DATA/services-P80.json#/controls/12,P65-SW-13,INCLUDED_REMAP_PROPOSAL,P65-SW-13,"Сохранены стабильные ID и trial высоты, пересчитаны привязки P81."
P84-INC-049,04_documents/work-in-progress/P82/DATA/services-P80.json#/controls/13,P65-SW-14,INCLUDED_REMAP_PROPOSAL,P65-SW-14,"Сохранены стабильные ID и trial высоты, пересчитаны привязки P81."
P84-INC-050,04_documents/work-in-progress/P82/DATA/services-P80.json#/controls/14,P65-SW-15,INCLUDED_REMAP_PROPOSAL,P65-SW-15,"Сохранены стабильные ID и trial высоты, пересчитаны привязки P81."
P84-INC-051,04_documents/work-in-progress/P82/DATA/services-P80.json#/controls/15,P65-SW-16,INCLUDED_REMAP_PROPOSAL,P65-SW-16,"Сохранены стабильные ID и trial высоты, пересчитаны привязки P81."
P84-INC-052,04_documents/work-in-progress/P82/DATA/services-P80.json#/controls/16,P65-SW-00,INCLUDED_REMAP_PROPOSAL,P65-SW-00,"Сохранены стабильные ID и trial высоты, пересчитаны привязки P81."
P84-INC-053,04_documents/work-in-progress/P82/DATA/services-P80.json#/p79_ceiling_lighting/fixtures/0,P79-L01,INCLUDED_CURRENT_FIXTURE,P79-L01,P79 актуальная потолочная схема; числовые z только graphic.
P84-INC-054,04_documents/work-in-progress/P82/DATA/services-P80.json#/p79_ceiling_lighting/fixtures/1,P79-L02,INCLUDED_CURRENT_FIXTURE,P79-L02,P79 актуальная потолочная схема; числовые z только graphic.
P84-INC-055,04_documents/work-in-progress/P82/DATA/services-P80.json#/p79_ceiling_lighting/fixtures/2,P79-L03,INCLUDED_CURRENT_FIXTURE,P79-L03,P79 актуальная потолочная схема; числовые z только graphic.
P84-INC-056,04_documents/work-in-progress/P82/DATA/services-P80.json#/p79_ceiling_lighting/fixtures/3,P79-L04,INCLUDED_CURRENT_FIXTURE,P79-L04,P79 актуальная потолочная схема; числовые z только graphic.
P84-INC-057,04_documents/work-in-progress/P82/DATA/services-P80.json#/p79_ceiling_lighting/fixtures/4,P79-L05,INCLUDED_CURRENT_FIXTURE,P79-L05,P79 актуальная потолочная схема; числовые z только graphic.
P84-INC-058,04_documents/work-in-progress/P82/DATA/services-P80.json#/p79_ceiling_lighting/fixtures/5,P79-L06,INCLUDED_CURRENT_FIXTURE,P79-L06,P79 актуальная потолочная схема; числовые z только graphic.
P84-INC-059,04_documents/work-in-progress/P82/DATA/services-P80.json#/p79_ceiling_lighting/fixtures/6,P79-L07,INCLUDED_CURRENT_FIXTURE,P79-L07,P79 актуальная потолочная схема; числовые z только graphic.
P84-INC-060,04_documents/work-in-progress/P82/DATA/services-P80.json#/p79_ceiling_lighting/fixtures/7,P79-L08,INCLUDED_CURRENT_FIXTURE,P79-L08,P79 актуальная потолочная схема; числовые z только graphic.
P84-INC-061,04_documents/work-in-progress/P82/DATA/services-P80.json#/p79_ceiling_lighting/fixtures/8,P79-L09,INCLUDED_CURRENT_FIXTURE,P79-L09,P79 актуальная потолочная схема; числовые z только graphic.
P84-INC-062,04_documents/work-in-progress/P82/DATA/services-P80.json#/p79_ceiling_lighting/fixtures/9,P79-L10,INCLUDED_CURRENT_FIXTURE,P79-L10,P79 актуальная потолочная схема; числовые z только graphic.
P84-INC-063,04_documents/work-in-progress/P82/DATA/services-P80.json#/p79_ceiling_lighting/fixtures/10,P79-L11,INCLUDED_CURRENT_FIXTURE,P79-L11,P79 актуальная потолочная схема; числовые z только graphic.
P84-INC-064,04_documents/work-in-progress/P82/DATA/services-P80.json#/p79_ceiling_lighting/fixtures/11,P79-L12,INCLUDED_CURRENT_FIXTURE,P79-L12,P79 актуальная потолочная схема; числовые z только graphic.
P84-INC-065,04_documents/work-in-progress/P82/DATA/services-P80.json#/p79_ceiling_lighting/fixtures/12,P79-L13,INCLUDED_CURRENT_FIXTURE,P79-L13,P79 актуальная потолочная схема; числовые z только graphic.
P84-INC-066,04_documents/work-in-progress/P82/DATA/services-P80.json#/p79_ceiling_lighting/fixtures/13,P79-L14,INCLUDED_CURRENT_FIXTURE,P79-L14,P79 актуальная потолочная схема; числовые z только graphic.
P84-INC-067,04_documents/work-in-progress/P82/DATA/services-P80.json#/p79_ceiling_lighting/fixtures/14,P79-L15,INCLUDED_CURRENT_FIXTURE,P79-L15,P79 актуальная потолочная схема; числовые z только graphic.
P84-INC-068,04_documents/work-in-progress/P82/DATA/services-P80.json#/p79_ceiling_lighting/fixtures/15,P79-L16,INCLUDED_CURRENT_FIXTURE,P79-L16,P79 актуальная потолочная схема; числовые z только graphic.
P84-INC-069,04_documents/work-in-progress/P82/DATA/services-P80.json#/p79_ceiling_lighting/fixtures/16,P79-L17,INCLUDED_CURRENT_FIXTURE,P79-L17,P79 актуальная потолочная схема; числовые z только graphic.
P84-INC-070,04_documents/work-in-progress/P82/DATA/services-P80.json#/retained_non_ceiling_luminaires/0,P65-L-V2-01,INCLUDED_RETAINED_NON_CEILING,P65-L-V2-01,Не заменяется потолочным светом P79.
P84-INC-071,04_documents/work-in-progress/P82/DATA/services-P80.json#/retained_non_ceiling_luminaires/1,P65-L-H2-01,INCLUDED_RETAINED_NON_CEILING,P65-L-H2-01,Не заменяется потолочным светом P79.
P84-INC-072,04_documents/work-in-progress/P82/DATA/services-P80.json#/retained_non_ceiling_luminaires/2,P65-L-G2-01,INCLUDED_RETAINED_NON_CEILING,P65-L-G2-01,Не заменяется потолочным светом P79.
P84-INC-073,04_documents/work-in-progress/P82/DATA/services-P80.json#/retained_non_ceiling_luminaires/3,P65-L-G2-02,INCLUDED_RETAINED_NON_CEILING,P65-L-G2-02,Не заменяется потолочным светом P79.
P84-INC-074,04_documents/work-in-progress/P82/DATA/services-P80.json#/retained_non_ceiling_luminaires/4,P65-L-M2-01,INCLUDED_RETAINED_NON_CEILING,P65-L-M2-01,Не заменяется потолочным светом P79.
P84-INC-075,04_documents/work-in-progress/P82/DATA/services-P80.json#/retained_non_ceiling_luminaires/5,P65-L-M2-02,INCLUDED_RETAINED_NON_CEILING,P65-L-M2-02,Не заменяется потолочным светом P79.
P84-INC-076,04_documents/work-in-progress/P82/DATA/services-P80.json#/retained_non_ceiling_luminaires/6,P65-L-B2-01,INCLUDED_RETAINED_NON_CEILING,P65-L-B2-01,Не заменяется потолочным светом P79.
P84-INC-077,04_documents/work-in-progress/P82/DATA/services-P80.json#/retained_non_ceiling_luminaires/7,P65-L-B3-01,INCLUDED_RETAINED_NON_CEILING,P65-L-B3-01,Не заменяется потолочным светом P79.
P84-INC-078,04_documents/work-in-progress/P82/DATA/services-P80.json#/retained_non_ceiling_luminaires/8,P65-L-B4-01,INCLUDED_RETAINED_NON_CEILING,P65-L-B4-01,Не заменяется потолочным светом P79.
P84-INC-079,04_documents/work-in-progress/P82/DATA/services-P80.json#/retained_non_ceiling_luminaires/9,P65-L-C2-01,INCLUDED_RETAINED_NON_CEILING,P65-L-C2-01,Не заменяется потолочным светом P79.
P84-INC-080,04_documents/work-in-progress/P82/DATA/services-P80.json#/retained_non_ceiling_luminaires/10,P65-L-C3-01,INCLUDED_RETAINED_NON_CEILING,P65-L-C3-01,Не заменяется потолочным светом P79.
P84-INC-081,04_documents/work-in-progress/P82/DATA/services-P80.json#/retained_non_ceiling_luminaires/11,P65-L-C4-01,INCLUDED_RETAINED_NON_CEILING,P65-L-C4-01,Не заменяется потолочным светом P79.
P84-INC-082,04_documents/work-in-progress/P82/DATA/services-P80.json#/retained_non_ceiling_luminaires/12,P65-L-E1-01,INCLUDED_RETAINED_NON_CEILING,P65-L-E1-01,Не заменяется потолочным светом P79.
P84-INC-083,04_documents/work-in-progress/P82/DATA/services-P80.json#/retained_non_ceiling_luminaires/13,P65-L-E1-02,INCLUDED_RETAINED_NON_CEILING,P65-L-E1-02,Не заменяется потолочным светом P79.
P84-INC-084,04_documents/work-in-progress/P82/DATA/services-P80.json#/retained_non_ceiling_luminaires/14,P65-L-E2-01,INCLUDED_RETAINED_NON_CEILING,P65-L-E2-01,Не заменяется потолочным светом P79.
P84-INC-085,04_documents/work-in-progress/P82/DATA/services-P80.json#/superseded_ceiling_luminaires/0,P65-L-K1-01,EXCLUDED_SUPERSEDED,,Старый потолочный свет снят P79; не включён повторно. Семантика групп сверяется отдельно.
P84-INC-086,04_documents/work-in-progress/P82/DATA/services-P80.json#/superseded_ceiling_luminaires/1,P65-L-K1-02,EXCLUDED_SUPERSEDED,,Старый потолочный свет снят P79; не включён повторно. Семантика групп сверяется отдельно.
P84-INC-087,04_documents/work-in-progress/P82/DATA/services-P80.json#/superseded_ceiling_luminaires/2,P65-L-K1-03,EXCLUDED_SUPERSEDED,,Старый потолочный свет снят P79; не включён повторно. Семантика групп сверяется отдельно.
P84-INC-088,04_documents/work-in-progress/P82/DATA/services-P80.json#/superseded_ceiling_luminaires/3,P65-L-K2-01,EXCLUDED_SUPERSEDED,,Старый потолочный свет снят P79; не включён повторно. Семантика групп сверяется отдельно.
P84-INC-089,04_documents/work-in-progress/P82/DATA/services-P80.json#/superseded_ceiling_luminaires/4,P65-L-K2-02,EXCLUDED_SUPERSEDED,,Старый потолочный свет снят P79; не включён повторно. Семантика групп сверяется отдельно.
P84-INC-090,04_documents/work-in-progress/P82/DATA/services-P80.json#/superseded_ceiling_luminaires/5,P65-L-I1-01,EXCLUDED_SUPERSEDED,,Старый потолочный свет снят P79; не включён повторно. Семантика групп сверяется отдельно.
P84-INC-091,04_documents/work-in-progress/P82/DATA/services-P80.json#/superseded_ceiling_luminaires/6,P65-L-D1-01,EXCLUDED_SUPERSEDED,,Старый потолочный свет снят P79; не включён повторно. Семантика групп сверяется отдельно.
P84-INC-092,04_documents/work-in-progress/P82/DATA/services-P80.json#/superseded_ceiling_luminaires/7,P65-L-V1-01,EXCLUDED_SUPERSEDED,,Старый потолочный свет снят P79; не включён повторно. Семантика групп сверяется отдельно.
P84-INC-093,04_documents/work-in-progress/P82/DATA/services-P80.json#/superseded_ceiling_luminaires/8,P65-L-V1-02,EXCLUDED_SUPERSEDED,,Старый потолочный свет снят P79; не включён повторно. Семантика групп сверяется отдельно.
P84-INC-094,04_documents/work-in-progress/P82/DATA/services-P80.json#/superseded_ceiling_luminaires/9,P65-L-V3-01,EXCLUDED_SUPERSEDED,,Старый потолочный свет снят P79; не включён повторно. Семантика групп сверяется отдельно.
P84-INC-095,04_documents/work-in-progress/P82/DATA/services-P80.json#/superseded_ceiling_luminaires/10,P65-L-V3-02,EXCLUDED_SUPERSEDED,,Старый потолочный свет снят P79; не включён повторно. Семантика групп сверяется отдельно.
P84-INC-096,04_documents/work-in-progress/P82/DATA/services-P80.json#/superseded_ceiling_luminaires/11,P65-L-H1-01,EXCLUDED_SUPERSEDED,,Старый потолочный свет снят P79; не включён повторно. Семантика групп сверяется отдельно.
P84-INC-097,04_documents/work-in-progress/P82/DATA/services-P80.json#/superseded_ceiling_luminaires/12,P65-L-H1-02,EXCLUDED_SUPERSEDED,,Старый потолочный свет снят P79; не включён повторно. Семантика групп сверяется отдельно.
P84-INC-098,04_documents/work-in-progress/P82/DATA/services-P80.json#/superseded_ceiling_luminaires/13,P65-L-H1-03,EXCLUDED_SUPERSEDED,,Старый потолочный свет снят P79; не включён повторно. Семантика групп сверяется отдельно.
P84-INC-099,04_documents/work-in-progress/P82/DATA/services-P80.json#/superseded_ceiling_luminaires/14,P65-L-H3-01,EXCLUDED_SUPERSEDED,,Старый потолочный свет снят P79; не включён повторно. Семантика групп сверяется отдельно.
P84-INC-100,04_documents/work-in-progress/P82/DATA/services-P80.json#/superseded_ceiling_luminaires/15,P65-L-G1-01,EXCLUDED_SUPERSEDED,,Старый потолочный свет снят P79; не включён повторно. Семантика групп сверяется отдельно.
P84-INC-101,04_documents/work-in-progress/P82/DATA/services-P80.json#/superseded_ceiling_luminaires/16,P65-L-G3-01,EXCLUDED_SUPERSEDED,,Старый потолочный свет снят P79; не включён повторно. Семантика групп сверяется отдельно.
P84-INC-102,04_documents/work-in-progress/P82/DATA/services-P80.json#/superseded_ceiling_luminaires/17,P65-L-G3-02,EXCLUDED_SUPERSEDED,,Старый потолочный свет снят P79; не включён повторно. Семантика групп сверяется отдельно.
P84-INC-103,04_documents/work-in-progress/P82/DATA/services-P80.json#/superseded_ceiling_luminaires/18,P65-L-G4-01,EXCLUDED_SUPERSEDED,,Старый потолочный свет снят P79; не включён повторно. Семантика групп сверяется отдельно.
P84-INC-104,04_documents/work-in-progress/P82/DATA/services-P80.json#/superseded_ceiling_luminaires/19,P65-L-M1-01,EXCLUDED_SUPERSEDED,,Старый потолочный свет снят P79; не включён повторно. Семантика групп сверяется отдельно.
P84-INC-105,04_documents/work-in-progress/P82/DATA/services-P80.json#/superseded_ceiling_luminaires/20,P65-L-M3-01,EXCLUDED_SUPERSEDED,,Старый потолочный свет снят P79; не включён повторно. Семантика групп сверяется отдельно.
P84-INC-106,04_documents/work-in-progress/P82/DATA/services-P80.json#/superseded_ceiling_luminaires/21,P65-L-B1-01,EXCLUDED_SUPERSEDED,,Старый потолочный свет снят P79; не включён повторно. Семантика групп сверяется отдельно.
P84-INC-107,04_documents/work-in-progress/P82/DATA/services-P80.json#/superseded_ceiling_luminaires/22,P65-L-B1-02,EXCLUDED_SUPERSEDED,,Старый потолочный свет снят P79; не включён повторно. Семантика групп сверяется отдельно.
P84-INC-108,04_documents/work-in-progress/P82/DATA/services-P80.json#/superseded_ceiling_luminaires/23,P65-L-B5-01,EXCLUDED_SUPERSEDED,,Старый потолочный свет снят P79; не включён повторно. Семантика групп сверяется отдельно.
P84-INC-109,04_documents/work-in-progress/P82/DATA/services-P80.json#/superseded_ceiling_luminaires/24,P65-L-B5-02,EXCLUDED_SUPERSEDED,,Старый потолочный свет снят P79; не включён повторно. Семантика групп сверяется отдельно.
P84-INC-110,04_documents/work-in-progress/P82/DATA/services-P80.json#/superseded_ceiling_luminaires/25,P65-L-C1-01,EXCLUDED_SUPERSEDED,,Старый потолочный свет снят P79; не включён повторно. Семантика групп сверяется отдельно.
P84-INC-111,04_documents/work-in-progress/P82/DATA/services-P80.json#/superseded_ceiling_luminaires/26,P65-L-C1-02,EXCLUDED_SUPERSEDED,,Старый потолочный свет снят P79; не включён повторно. Семантика групп сверяется отдельно.
P84-INC-112,04_documents/work-in-progress/P82/DATA/services-P80.json#/superseded_ceiling_luminaires/27,P65-L-C5-01,EXCLUDED_SUPERSEDED,,Старый потолочный свет снят P79; не включён повторно. Семантика групп сверяется отдельно.
P84-INC-113,04_documents/work-in-progress/P82/DATA/services-P80.json#/superseded_ceiling_luminaires/28,P65-L-A1-01,EXCLUDED_SUPERSEDED,,Старый потолочный свет снят P79; не включён повторно. Семантика групп сверяется отдельно.
P84-INC-114,04_documents/work-in-progress/P82/DATA/services-P80.json#/superseded_ceiling_luminaires/29,P65-L-A1-02,EXCLUDED_SUPERSEDED,,Старый потолочный свет снят P79; не включён повторно. Семантика групп сверяется отдельно.
P84-INC-115,04_documents/work-in-progress/P82/DATA/services-P80.json#/superseded_ceiling_luminaires/30,P65-L-A2-01,EXCLUDED_SUPERSEDED,,Старый потолочный свет снят P79; не включён повторно. Семантика групп сверяется отдельно.
P84-INC-116,04_documents/work-in-progress/P82/DATA/services-P80.json#/superseded_ceiling_luminaires/31,P65-L-A2-02,EXCLUDED_SUPERSEDED,,Старый потолочный свет снят P79; не включён повторно. Семантика групп сверяется отдельно.
P84-INC-117,04_documents/work-in-progress/P82/DATA/services-P80.json#/superseded_ceiling_luminaires/32,P65-L-A3-01,EXCLUDED_SUPERSEDED,,Старый потолочный свет снят P79; не включён повторно. Семантика групп сверяется отдельно.
P84-INC-118,04_documents/work-in-progress/P82/DATA/services-P80.json#/superseded_ceiling_luminaires/33,P65-L-A3-02,EXCLUDED_SUPERSEDED,,Старый потолочный свет снят P79; не включён повторно. Семантика групп сверяется отдельно.
P84-INC-119,04_documents/work-in-progress/P82/DATA/services-P80.json#/superseded_ceiling_luminaires/34,P65-L-A4-01,EXCLUDED_SUPERSEDED,,Старый потолочный свет снят P79; не включён повторно. Семантика групп сверяется отдельно.
P84-INC-120,04_documents/work-in-progress/P82/DATA/services-P80.json#/superseded_ceiling_luminaires/35,P68-L-V4-01,EXCLUDED_SUPERSEDED,,Старый потолочный свет снят P79; не включён повторно. Семантика групп сверяется отдельно.
P84-INC-121,04_documents/work-in-progress/P82/DATA/services-P80.json#/superseded_ceiling_luminaires/36,P68-L-K1-04,EXCLUDED_SUPERSEDED,,Старый потолочный свет снят P79; не включён повторно. Семантика групп сверяется отдельно.
P84-INC-122,04_documents/work-in-progress/P82/DATA/services-P80.json#/heating/points/0,H65-AIR,INCLUDED_EXISTING_HVAC_INTERFACE,H65-AIR,"Сохранён исходный candidate отдельно; physical XY/Z null, owner HVAC/automation."
P84-INC-123,04_documents/work-in-progress/P82/DATA/services-P80.json#/heating/points/1,H65-FLOOR,INCLUDED_EXISTING_HVAC_INTERFACE,H65-FLOOR,"Сохранён исходный candidate отдельно; physical XY/Z null, owner HVAC/automation."
P84-INC-124,04_documents/work-in-progress/P82/DATA/services-P80.json#/heating/points/2,H65-COLD,INCLUDED_EXISTING_HVAC_INTERFACE,H65-COLD,"Сохранён исходный candidate отдельно; physical XY/Z null, owner HVAC/automation."
P84-INC-125,04_documents/work-in-progress/P82/DATA/services-P80.json#/heating/points/3,H65-GATE,INCLUDED_EXISTING_HVAC_INTERFACE,H65-GATE,"Сохранён исходный candidate отдельно; physical XY/Z null, owner HVAC/automation."
