id,tag,kind,room_id,name_ru,x_mm,y_mm,height_mm,height_reference,height_status,actual_installation_height_mm,actual_installation_xyz_mm,graphic_height_mm,datum_id,host_id,face,offset_mm,socket_count,source_ref,source_id,source_xy_mm,placement_status,circuit_id,board_id,power_w,cable,protection,notes_ru,required_action_ru,issue_status,geometry_revision,geometry_sha256,reviewer,product_status,block_orientation,service_access,environmental_assessment,control_group_ids,route_ids,claim_level,inherited_proposed_socket_count,source_status,source_show_current_marker,appliance_ids,host_axis_mm,offset_axis,host_face_status,offset_reference,geometry,open_item_ids,graphic_marker_xy_mm,connection_quantity_required,normal_supply_retained,source_target_groups,mechanism_count,source_record_id,relationship,source_candidate_xyz_mm,discipline_owner
P65-P-01,P01,POWER,P26-A-R01,Кофе + чайник: 2 постоянно занятых гнезда,3250,400,1200,ROOM_FFL_TO_BLOCK_CENTRE,WORKING_ASSUMPTION_NOT_INSTALLATION,,,1200,P84-FFL-P26-A-R01,P69-EXT-N,SOUTH,3550,2,04_documents/work-in-progress/P82/DATA/services-P80.json#/power_interfaces/0,P65-P-01,"[3250,400]",PROPOSED_COORDINATION,,,,,,"Доступ справа от приборов; реальная рамка, вилка, брызги и длина шнура TBC. Не через мойку.","Согласовать механизм, рамку, чистовую поверхность, доступ и высоту с фактической мебелью; проверить применимые требования.",FOR_CLIENT_REVIEW,P81/P83,70fc9095166db249416b1c905dc661427c9ec11e679262ac0b838e9de2ea0a68,,NOT_SELECTED,TBC,NOT_PROVEN,BLOCKING_TBC,[],"[""P84-RT-COMMON""]",COORDINATION_ONLY,2,RETAINED_REFERENCE_NOT_INSTALLATION_COORDINATE,True,"[""P68-COFFEE"",""P68-KETTLE""]","[[-300,400],[11260,400]]",X_EAST,MATCHES_P81_NOMINAL_CONTROL_FACE,FROM_P81_NOMINAL_CONTROL_FACE_START_NOT_SURVEYED_FINISH,,,,,,,,,,,
P65-P-02,P02,POWER,P26-A-R01,Правая временная техника / свободный резерв,5580,400,1250,ROOM_FFL_TO_BLOCK_CENTRE,WORKING_ASSUMPTION_NOT_INSTALLATION,,,1250,P84-FFL-P26-A-R01,P69-EXT-N,SOUTH,5880,2,04_documents/work-in-progress/P82/DATA/services-P80.json#/power_interfaces/1,P65-P-02,"[5580,400]",PROPOSED_COORDINATION,,,,,,Простенок после W06: x5400..5760; не в окне. Длины шнуров и одновременная работа приборов TBC.,"Согласовать механизм, рамку, чистовую поверхность, доступ и высоту с фактической мебелью; проверить применимые требования.",FOR_CLIENT_REVIEW,P81/P83,70fc9095166db249416b1c905dc661427c9ec11e679262ac0b838e9de2ea0a68,,NOT_SELECTED,TBC,NOT_PROVEN,BLOCKING_TBC,[],"[""P84-RT-COMMON""]",COORDINATION_ONLY,2,RETAINED_REFERENCE_NOT_INSTALLATION_COORDINATE,True,"[""P68-TOASTER""]","[[-300,400],[11260,400]]",X_EAST,MATCHES_P81_NOMINAL_CONTROL_FACE,FROM_P81_NOMINAL_CONTROL_FACE_START_NOT_SURVEYED_FINISH,,,,,,,,,,,
P65-P-03,P03,POWER,P26-A-R01,Остров: блендер / временная техника,4260,2425,650,ROOM_FFL_TO_BLOCK_CENTRE,WORKING_ASSUMPTION_NOT_INSTALLATION,,,650,P84-FFL-P26-A-R01,P26-A-ISL01,EAST,,2,04_documents/work-in-progress/P82/DATA/services-P80.json#/power_interfaces/2,P65-P-03,"[4260,2425]",PROPOSED_COORDINATION,,,,,,"На восточной неподвижной панели, не у коленей западных стульев. Подвод пола/защита/брызги без решения; не новый floorbox.","Согласовать механизм, рамку, чистовую поверхность, доступ и высоту с фактической мебелью; проверить применимые требования.",FOR_CLIENT_REVIEW,P81/P83,70fc9095166db249416b1c905dc661427c9ec11e679262ac0b838e9de2ea0a68,,NOT_SELECTED,TBC,NOT_PROVEN,BLOCKING_TBC,[],"[""P84-RT-COMMON""]",COORDINATION_ONLY,2,RETAINED_REFERENCE_NOT_INSTALLATION_COORDINATE,True,"[""P68-BLENDER""]",,,EQUIPMENT_OR_CEILING_INTERFACE_TBC,,,,,,,,,,,,
P65-P-04,P04,INTERFACE,P26-A-R01,Посудомойка: доступное подключение,3150,400,,ROOM_FFL_TO_EQUIPMENT_CONNECTION_TBC,TBC,,,,P84-FFL-P26-A-R01,P26-A-WASTE,NORTH_SERVICE_ZONE,,,04_documents/work-in-progress/P82/DATA/services-P80.json#/power_interfaces/3,P65-P-04,"[3150,400]",INTERFACE_MARKER_ONLY,,,,,,"Интерфейс соседнего модуля, не розетка за DW. Совместимость с отходами, протечкой и доступом определяется после инструкции изделия.","Выбрать изделие и определить доступный вывод, тип подключения, точные XY/высоту и сервисный доступ по его документации.",FOR_CLIENT_REVIEW,P81/P83,70fc9095166db249416b1c905dc661427c9ec11e679262ac0b838e9de2ea0a68,,NOT_SELECTED,TBC,NOT_PROVEN,BLOCKING_TBC,[],"[""P84-RT-COMMON""]",COORDINATION_ONLY,,RETAINED_REFERENCE_NOT_INSTALLATION_COORDINATE,True,[],,,EQUIPMENT_OR_CEILING_INTERFACE_TBC,,"{""type"":""INTERFACE_MARKER_NOT_SOCKET"",""equipment_rect_mm"":[3100,400,300,600]}",,,,,,,,,,
P65-P-05,P05,INTERFACE,P26-A-R01,Варочная: стационарное питание,5760,1300,,ROOM_FFL_TO_EQUIPMENT_CONNECTION_TBC,TBC,,,,P84-FFL-P26-A-R01,P26-A-HOB,EAST_SERVICE_ZONE,,,04_documents/work-in-progress/P82/DATA/services-P80.json#/power_interfaces/4,P65-P-05,"[5760,1300]",INTERFACE_MARKER_ONLY,,,,,,,"Выбрать изделие и определить доступный вывод, тип подключения, точные XY/высоту и сервисный доступ по его документации.",FOR_CLIENT_REVIEW,P81/P83,70fc9095166db249416b1c905dc661427c9ec11e679262ac0b838e9de2ea0a68,,NOT_SELECTED,TBC,NOT_PROVEN,BLOCKING_TBC,[],"[""P84-RT-COMMON""]",COORDINATION_ONLY,,RETAINED_REFERENCE_NOT_INSTALLATION_COORDINATE,True,[],,,EQUIPMENT_OR_CEILING_INTERFACE_TBC,,"{""type"":""INTERFACE_MARKER_NOT_SOCKET"",""equipment_rect_mm"":[5160,1000,600,600]}",,,,,,,,,,
P65-P-06,P06,INTERFACE,P26-A-R01,Духовка под варочной: интерфейс,5760,1300,,ROOM_FFL_TO_EQUIPMENT_CONNECTION_TBC,TBC,,,,P84-FFL-P26-A-R01,P26-A-OVEN,EAST_SERVICE_ZONE,,,04_documents/work-in-progress/P82/DATA/services-P80.json#/power_interfaces/5,P65-P-06,"[5760,1300]",INTERFACE_MARKER_ONLY,,,,,,Перенесён вместе с духовкой. Символ у модуля НЕ означает розетку за духовкой; доступная сервисная секция и высота TBC.,"Выбрать изделие и определить доступный вывод, тип подключения, точные XY/высоту и сервисный доступ по его документации.",FOR_CLIENT_REVIEW,P81/P83,70fc9095166db249416b1c905dc661427c9ec11e679262ac0b838e9de2ea0a68,,NOT_SELECTED,TBC,NOT_PROVEN,BLOCKING_TBC,[],"[""P84-RT-COMMON""]",COORDINATION_ONLY,,RETAINED_REFERENCE_NOT_INSTALLATION_COORDINATE,True,[],,,EQUIPMENT_OR_CEILING_INTERFACE_TBC,,"{""type"":""INTERFACE_MARKER_NOT_SOCKET"",""equipment_rect_mm"":[5160,1000,600,600]}",,,,,,,,,,
P65-P-07,P07,INTERFACE,P26-A-R01,Холодильник: отдельный интерфейс; морозильник P-FRZ,5760,2500,,ROOM_FFL_TO_EQUIPMENT_CONNECTION_TBC,TBC,,,,P84-FFL-P26-A-R01,P26-A-FR,EAST_SERVICE_ZONE,,,04_documents/work-in-progress/P82/DATA/services-P80.json#/power_interfaces/6,P65-P-07,"[5760,2500]",INTERFACE_MARKER_ONLY,,,,,,Только холодильник P26-A-FR. P78 добавил отдельный морозильник P78-K-FREEZER; историческая фраза о его отсутствии утратила актуальность.,"Выбрать изделие и определить доступный вывод, тип подключения, точные XY/высоту и сервисный доступ по его документации.",FOR_CLIENT_REVIEW,P81/P83,70fc9095166db249416b1c905dc661427c9ec11e679262ac0b838e9de2ea0a68,,NOT_SELECTED,TBC,NOT_PROVEN,BLOCKING_TBC,[],"[""P84-RT-COMMON""]",COORDINATION_ONLY,,RETAINED_REFERENCE_NOT_INSTALLATION_COORDINATE,True,[],,,EQUIPMENT_OR_CEILING_INTERFACE_TBC,,"{""type"":""INTERFACE_MARKER_NOT_SOCKET"",""equipment_rect_mm"":[5160,2200,600,580]}",,,,,,,,,,
P65-P-08,P08,INTERFACE,P26-A-R01,Вытяжка над варочной: интерфейс,5460,1300,,ROOM_FFL_TO_EQUIPMENT_CONNECTION_TBC,TBC,,,,P84-FFL-P26-A-R01,P26-A-HOB,FUTURE_HOOD_INTERFACE,,,04_documents/work-in-progress/P82/DATA/services-P80.json#/power_interfaces/7,P65-P-08,"[5460,1300]",INTERFACE_MARKER_ONLY,,,,,,Вытяжка показана условным корпусом над осью варочной; питание/подключение/обслуживание не размещены окончательно.,"Выбрать изделие и определить доступный вывод, тип подключения, точные XY/высоту и сервисный доступ по его документации.",FOR_CLIENT_REVIEW,P81/P83,70fc9095166db249416b1c905dc661427c9ec11e679262ac0b838e9de2ea0a68,,NOT_SELECTED,TBC,NOT_PROVEN,BLOCKING_TBC,[],"[""P84-RT-COMMON""]",COORDINATION_ONLY,,RETAINED_REFERENCE_NOT_INSTALLATION_COORDINATE,True,[],,,EQUIPMENT_OR_CEILING_INTERFACE_TBC,,"{""type"":""INTERFACE_MARKER_NOT_SOCKET"",""equipment_rect_mm"":[5160,1000,600,600]}",,,,,,,,,,
P65-P-09,P09,POWER,P26-A-R01,TV + слаботочный интерфейс,1700,7760,1150,ROOM_FFL_TO_BLOCK_CENTRE,WORKING_ASSUMPTION_NOT_INSTALLATION,,,1150,P84-FFL-P26-A-R01,P69-EXT-S,NORTH,2000,2,04_documents/work-in-progress/P82/DATA/services-P80.json#/power_interfaces/8,P65-P-09,"[1700,7760]",PROPOSED_COORDINATION,,,,,,Не ставить на уровне кронштейна без его чертежа; отдельный LV conduit принадлежит профильному owner.,"Согласовать механизм, рамку, чистовую поверхность, доступ и высоту с фактической мебелью; проверить применимые требования.",FOR_CLIENT_REVIEW,P81/P83,70fc9095166db249416b1c905dc661427c9ec11e679262ac0b838e9de2ea0a68,,NOT_SELECTED,TBC,NOT_PROVEN,BLOCKING_TBC,[],"[""P84-RT-COMMON""]",COORDINATION_ONLY,2,RETAINED_REFERENCE_NOT_INSTALLATION_COORDINATE,True,[],"[[-300,7760],[11260,7760]]",X_EAST,MATCHES_P81_NOMINAL_CONTROL_FACE,FROM_P81_NOMINAL_CONTROL_FACE_START_NOT_SURVEYED_FINISH,,,,,,,,,,,
P65-P-10,P10,POWER,P26-A-R01,Медиатехника / резерв зарядки,2600,7760,300,ROOM_FFL_TO_BLOCK_CENTRE,WORKING_ASSUMPTION_NOT_INSTALLATION,,,300,P84-FFL-P26-A-R01,P60-MEDIA-BASE,REAR_ACCESSIBLE_NICHE,,3,04_documents/work-in-progress/P82/DATA/services-P80.json#/power_interfaces/9,P65-P-10,"[2600,7760]",PROPOSED_COORDINATION,,,,,,"Доступная вентилируемая секция, не герметично за задником. Конкретная аппаратура и нагрев TBC.","Согласовать механизм, рамку, чистовую поверхность, доступ и высоту с фактической мебелью; проверить применимые требования.",FOR_CLIENT_REVIEW,P81/P83,70fc9095166db249416b1c905dc661427c9ec11e679262ac0b838e9de2ea0a68,,NOT_SELECTED,TBC,NOT_PROVEN,BLOCKING_TBC,[],"[""P84-RT-COMMON""]",COORDINATION_ONLY,3,RETAINED_REFERENCE_NOT_INSTALLATION_COORDINATE,True,[],,,EQUIPMENT_OR_CEILING_INTERFACE_TBC,,,,,,,,,,,,
P65-P-11,P11,POWER,P26-A-R01,У дивана: зарядка / уборка,3300,4250,300,ROOM_FFL_TO_BLOCK_CENTRE,WORKING_ASSUMPTION_NOT_INSTALLATION,,,300,P84-FFL-P26-A-R01,P44-P02,WEST,290,2,04_documents/work-in-progress/P82/DATA/services-P80.json#/power_interfaces/10,P65-P-11,"[3300,4250]",PROPOSED_COORDINATION,,,,,,На свободном простенке перед высоким шкафом; шнур не должен пересекать путь. Не обещается удобная зарядка с каждого места дивана.,"Согласовать механизм, рамку, чистовую поверхность, доступ и высоту с фактической мебелью; проверить применимые требования.",FOR_CLIENT_REVIEW,P81/P83,70fc9095166db249416b1c905dc661427c9ec11e679262ac0b838e9de2ea0a68,,NOT_SELECTED,TBC,NOT_PROVEN,BLOCKING_TBC,[],"[""P84-RT-COMMON""]",COORDINATION_ONLY,2,RETAINED_REFERENCE_NOT_INSTALLATION_COORDINATE,True,[],"[[3300,3960],[3300,7760]]",Y_SOUTH,MATCHES_P81_NOMINAL_CONTROL_FACE,FROM_P81_NOMINAL_CONTROL_FACE_START_NOT_SURVEYED_FINISH,,,,,,,,,,,
P65-P-13,P13,POWER,P26-A-R04,Прикроватное: телефон / часы,6800,4860,650,ROOM_FFL_TO_BLOCK_CENTRE,WORKING_ASSUMPTION_NOT_INSTALLATION,,,650,P84-FFL-P26-A-R04,P44-P03,EAST,700,2,04_documents/work-in-progress/P82/DATA/services-P80.json#/power_interfaces/12,P65-P-13,"[6800,4860]",PROPOSED_COORDINATION,,,,,,Две обычные позиции вместо обязательного встроенного USB. Не за изголовьем; рамка/высота проверяются с выбранной тумбой.,"Согласовать механизм, рамку, чистовую поверхность, доступ и высоту с фактической мебелью; проверить применимые требования.",FOR_CLIENT_REVIEW,P81/P83,70fc9095166db249416b1c905dc661427c9ec11e679262ac0b838e9de2ea0a68,,NOT_SELECTED,TBC,NOT_PROVEN,BLOCKING_TBC,[],"[""P84-RT-MASTER""]",COORDINATION_ONLY,2,RETAINED_REFERENCE_NOT_INSTALLATION_COORDINATE,True,[],"[[6800,4160],[6800,7760]]",Y_SOUTH,MATCHES_P81_NOMINAL_CONTROL_FACE,FROM_P81_NOMINAL_CONTROL_FACE_START_NOT_SURVEYED_FINISH,,,,,,,,,,,
P65-P-14,P14,POWER,P26-A-R04,Прикроватное: телефон / часы,6800,7410,650,ROOM_FFL_TO_BLOCK_CENTRE,WORKING_ASSUMPTION_NOT_INSTALLATION,,,650,P84-FFL-P26-A-R04,P44-P03,EAST,3250,2,04_documents/work-in-progress/P82/DATA/services-P80.json#/power_interfaces/13,P65-P-14,"[6800,7410]",PROPOSED_COORDINATION,,,,,,Две обычные позиции вместо обязательного встроенного USB. Не за изголовьем; рамка/высота проверяются с выбранной тумбой.,"Согласовать механизм, рамку, чистовую поверхность, доступ и высоту с фактической мебелью; проверить применимые требования.",FOR_CLIENT_REVIEW,P81/P83,70fc9095166db249416b1c905dc661427c9ec11e679262ac0b838e9de2ea0a68,,NOT_SELECTED,TBC,NOT_PROVEN,BLOCKING_TBC,[],"[""P84-RT-MASTER""]",COORDINATION_ONLY,2,RETAINED_REFERENCE_NOT_INSTALLATION_COORDINATE,True,[],"[[6800,4160],[6800,7760]]",Y_SOUTH,MATCHES_P81_NOMINAL_CONTROL_FACE,FROM_P81_NOMINAL_CONTROL_FACE_START_NOT_SURVEYED_FINISH,,,,,,,,,,,
P65-P-15,P15,POWER,P26-A-R04,Резерв: уборка / временный прибор,10280,4610,300,ROOM_FFL_TO_BLOCK_CENTRE,WORKING_ASSUMPTION_NOT_INSTALLATION,,,300,P84-FFL-P26-A-R04,P26-A-MW,FIXED_WEST_SERVICE_PANEL_TBC,,2,04_documents/work-in-progress/P82/DATA/services-P80.json#/power_interfaces/14,P65-P-15,"[10280,4610]",CONFLICT_HOLD,,,,,,"Не в двери гардероба. Мастер: неподвижная секция западного фасада шкафа требует отдельного согласования мебельщика; существующий фасад сам по себе не подтверждает поверхность для розетки, mount HOLD.","Согласовать механизм, рамку, чистовую поверхность, доступ и высоту с фактической мебелью; проверить применимые требования.",FOR_CLIENT_REVIEW,P81/P83,70fc9095166db249416b1c905dc661427c9ec11e679262ac0b838e9de2ea0a68,,NOT_SELECTED,TBC,NOT_PROVEN,BLOCKING_TBC,[],"[""P84-RT-MASTER""]",COORDINATION_ONLY,2,HOSTED_WARDROBE_INTERFACE_SHIFT_REQUIRED_MOUNT_HOLD,True,[],,,EQUIPMENT_OR_CEILING_INTERFACE_TBC,,,"[""P84-E-OPEN-001""]",,,,,,,,,
P65-P-16,P16,POWER,P26-A-R05,Прикроватное: телефон / часы,3500,4860,650,ROOM_FFL_TO_BLOCK_CENTRE,WORKING_ASSUMPTION_NOT_INSTALLATION,,,650,P84-FFL-P26-A-R05,P44-P02,EAST,900,2,04_documents/work-in-progress/P82/DATA/services-P80.json#/power_interfaces/15,P65-P-16,"[3500,4860]",PROPOSED_COORDINATION,,,,,,Две обычные позиции вместо обязательного встроенного USB. Не за изголовьем; рамка/высота проверяются с выбранной тумбой.,"Согласовать механизм, рамку, чистовую поверхность, доступ и высоту с фактической мебелью; проверить применимые требования.",FOR_CLIENT_REVIEW,P81/P83,70fc9095166db249416b1c905dc661427c9ec11e679262ac0b838e9de2ea0a68,,NOT_SELECTED,TBC,NOT_PROVEN,BLOCKING_TBC,[],"[""P84-RT-BED2""]",COORDINATION_ONLY,2,RETAINED_REFERENCE_NOT_INSTALLATION_COORDINATE,True,[],"[[3500,3960],[3500,7760]]",Y_SOUTH,MATCHES_P81_NOMINAL_CONTROL_FACE,FROM_P81_NOMINAL_CONTROL_FACE_START_NOT_SURVEYED_FINISH,,,,,,,,,,,
P65-P-17,P17,POWER,P26-A-R05,Прикроватное: телефон / часы,3500,7410,650,ROOM_FFL_TO_BLOCK_CENTRE,WORKING_ASSUMPTION_NOT_INSTALLATION,,,650,P84-FFL-P26-A-R05,P44-P02,EAST,3450,2,04_documents/work-in-progress/P82/DATA/services-P80.json#/power_interfaces/16,P65-P-17,"[3500,7410]",PROPOSED_COORDINATION,,,,,,Две обычные позиции вместо обязательного встроенного USB. Не за изголовьем; рамка/высота проверяются с выбранной тумбой.,"Согласовать механизм, рамку, чистовую поверхность, доступ и высоту с фактической мебелью; проверить применимые требования.",FOR_CLIENT_REVIEW,P81/P83,70fc9095166db249416b1c905dc661427c9ec11e679262ac0b838e9de2ea0a68,,NOT_SELECTED,TBC,NOT_PROVEN,BLOCKING_TBC,[],"[""P84-RT-BED2""]",COORDINATION_ONLY,2,RETAINED_REFERENCE_NOT_INSTALLATION_COORDINATE,True,[],"[[3500,3960],[3500,7760]]",Y_SOUTH,MATCHES_P81_NOMINAL_CONTROL_FACE,FROM_P81_NOMINAL_CONTROL_FACE_START_NOT_SURVEYED_FINISH,,,,,,,,,,,
P65-P-18,P18,POWER,P26-A-R05,Резерв: уборка / временный прибор,6600,4610,300,ROOM_FFL_TO_BLOCK_CENTRE,WORKING_ASSUMPTION_NOT_INSTALLATION,,,300,P84-FFL-P26-A-R05,P44-P03,WEST,450,2,04_documents/work-in-progress/P82/DATA/services-P80.json#/power_interfaces/17,P65-P-18,"[6600,4610]",PROPOSED_COORDINATION,,,,,,"Свободная западная поверхность P44-P03 в спальне2, y4610; к мастер-гардеробу эта точка не относится. Рамка и доступ TBC.","Согласовать механизм, рамку, чистовую поверхность, доступ и высоту с фактической мебелью; проверить применимые требования.",FOR_CLIENT_REVIEW,P81/P83,70fc9095166db249416b1c905dc661427c9ec11e679262ac0b838e9de2ea0a68,,NOT_SELECTED,TBC,NOT_PROVEN,BLOCKING_TBC,[],"[""P84-RT-BED2""]",COORDINATION_ONLY,2,RETAINED_REFERENCE_NOT_INSTALLATION_COORDINATE,True,[],"[[6600,4160],[6600,7760]]",Y_SOUTH,MATCHES_P81_NOMINAL_CONTROL_FACE,FROM_P81_NOMINAL_CONTROL_FACE_START_NOT_SURVEYED_FINISH,,,,,,,,,,,
P65-P-19,P19,POWER,P26-A-HALL,Прихожая: уборка / сушка обуви,7960,3580,300,ROOM_FFL_TO_BLOCK_CENTRE,WORKING_ASSUMPTION_NOT_INSTALLATION,,,300,P84-FFL-P26-A-HALL,P48-WB01-S,WEST,1140,2,04_documents/work-in-progress/P82/DATA/services-P80.json#/power_interfaces/18,P65-P-19,"[7960,3580]",PROPOSED_COORDINATION,,,,,,"Ни обувная сушилка, ни нагреватель не выбраны; безопасность применения и нагрузка TBC.","Согласовать механизм, рамку, чистовую поверхность, доступ и высоту с фактической мебелью; проверить применимые требования.",FOR_CLIENT_REVIEW,P81/P83,70fc9095166db249416b1c905dc661427c9ec11e679262ac0b838e9de2ea0a68,,NOT_SELECTED,TBC,NOT_PROVEN,BLOCKING_TBC,[],"[""P84-RT-HALL""]",COORDINATION_ONLY,2,RETAINED_REFERENCE_NOT_INSTALLATION_COORDINATE,True,[],"[[7960,2440],[7960,3960]]",Y_SOUTH,MATCHES_P81_NOMINAL_CONTROL_FACE,FROM_P81_NOMINAL_CONTROL_FACE_START_NOT_SURVEYED_FINISH,,,,,,,,,,,
P65-P-20,P20,INTERFACE,P26-A-HALL,Силовой и ICT узел: интерфейс,7710,2815,,ROOM_FFL_TO_EQUIPMENT_CONNECTION_TBC,TBC,,,,P84-FFL-P26-A-HALL,P49-HALL-LINEN-01,TECHNICAL_NODE,,,04_documents/work-in-progress/P82/DATA/services-P80.json#/power_interfaces/19,P65-P-20,"[7710,2815]",INTERFACE_MARKER_ONLY,,,,,,"Не схема щита. Разделение силового/ICT, модули, тепло, резерв, открывание и обслуживание неизвестны.","Выбрать изделие и определить доступный вывод, тип подключения, точные XY/высоту и сервисный доступ по его документации.",FOR_CLIENT_REVIEW,P81/P83,70fc9095166db249416b1c905dc661427c9ec11e679262ac0b838e9de2ea0a68,,NOT_SELECTED,TBC,NOT_PROVEN,BLOCKING_TBC,[],"[""P84-RT-HALL""]",COORDINATION_ONLY,,RETAINED_REFERENCE_NOT_INSTALLATION_COORDINATE,True,[],,,EQUIPMENT_OR_CEILING_INTERFACE_TBC,,"{""type"":""INTERFACE_MARKER_NOT_SOCKET"",""equipment_rect_mm"":[7460,2440,500,750]}",,,,,,,,,,
P65-P-21,P21,INTERFACE,P26-A-R02,Стиральная + сушильная: два независимых подключения,,,,ROOM_FFL_TO_EQUIPMENT_CONNECTION_TBC,TBC,,,,P84-FFL-P26-A-R02,P50-G-WD,EQUIPMENT_INTERFACE,,,04_documents/work-in-progress/P82/DATA/services-P80.json#/power_interfaces/20,P65-P-21,"[7985,1915]",CONFLICT_HOLD,,,,,,"Два потребителя, не двойник/удлинитель. Вынести доступные точки из-за машин после выбранных инструкций; мокрые зоны не рассчитаны. P84: прежний маркер [7985,1915] — центр корпуса колонны 650×650. Физическое подключение удержано null; два раздельных прибора не подменены двойником.","Выбрать изделие и определить доступный вывод, тип подключения, точные XY/высоту и сервисный доступ по его документации.",FOR_CLIENT_REVIEW,P81/P83,70fc9095166db249416b1c905dc661427c9ec11e679262ac0b838e9de2ea0a68,,NOT_SELECTED,TBC,NOT_PROVEN,BLOCKING_TBC,[],"[""P84-RT-GUEST""]",COORDINATION_ONLY,,RETAINED_REFERENCE_NOT_INSTALLATION_COORDINATE,True,[],,,EQUIPMENT_OR_CEILING_INTERFACE_TBC,,"{""type"":""INTERFACE_MARKER_NOT_SOCKET"",""equipment_rect_mm"":[7660,1590,650,650]}","[""P84-E-OPEN-002""]","[7985,1915]",2,,,,,,,
P65-P-22,P22,INTERFACE,P26-A-R02,Электрокотёл,,,,ROOM_FFL_TO_EQUIPMENT_CONNECTION_TBC,TBC,,,,P84-FFL-P26-A-R02,P50-G-BOILER,NORTH_WALL_EQUIPMENT,,,04_documents/work-in-progress/P82/DATA/services-P80.json#/power_interfaces/21,P65-P-22,,LOCATION_TBC,,,,,, Старое диагностическое местоположение не восстановлено; потребность оставлена в ведомости.,"Выбрать изделие и определить доступный вывод, тип подключения, точные XY/высоту и сервисный доступ по его документации.",FOR_CLIENT_REVIEW,P81/P83,70fc9095166db249416b1c905dc661427c9ec11e679262ac0b838e9de2ea0a68,,NOT_SELECTED,TBC,NOT_PROVEN,BLOCKING_TBC,[],"[""P84-RT-GUEST""]",COORDINATION_ONLY,,OLD_DIAGNOSTIC_MARKER_INVALID_FOR_CURRENT_PLANT_NEW_LOCATION_NULL,False,[],,,EQUIPMENT_OR_CEILING_INTERFACE_TBC,,"{""type"":""INTERFACE_MARKER_NOT_SOCKET"",""equipment_rect_mm"":null}",,,,,,,,,,
P65-P-23,P23,INTERFACE,P26-A-R02,Насосная группа / управление,,,,ROOM_FFL_TO_EQUIPMENT_CONNECTION_TBC,TBC,,,,P84-FFL-P26-A-R02,P52-G-PUMP,NORTH_WALL_EQUIPMENT,,,04_documents/work-in-progress/P82/DATA/services-P80.json#/power_interfaces/22,P65-P-23,,LOCATION_TBC,,,,,, Старое диагностическое местоположение не восстановлено; потребность оставлена в ведомости.,"Выбрать изделие и определить доступный вывод, тип подключения, точные XY/высоту и сервисный доступ по его документации.",FOR_CLIENT_REVIEW,P81/P83,70fc9095166db249416b1c905dc661427c9ec11e679262ac0b838e9de2ea0a68,,NOT_SELECTED,TBC,NOT_PROVEN,BLOCKING_TBC,[],"[""P84-RT-GUEST""]",COORDINATION_ONLY,,OLD_DIAGNOSTIC_MARKER_INVALID_FOR_CURRENT_PLANT_NEW_LOCATION_NULL,False,[],,,EQUIPMENT_OR_CEILING_INTERFACE_TBC,,"{""type"":""INTERFACE_MARKER_NOT_SOCKET"",""equipment_rect_mm"":null}",,,,,,,,,,
P65-P-24,P24,INTERFACE,P26-A-R02,Накопитель / датчики: уточнить электрическую часть,,,,ROOM_FFL_TO_EQUIPMENT_CONNECTION_TBC,TBC,,,,P84-FFL-P26-A-R02,P50-G-DHW,EQUIPMENT_INTERFACE,,,04_documents/work-in-progress/P82/DATA/services-P80.json#/power_interfaces/23,P65-P-24,,LOCATION_TBC,,,,,,Электрический ТЭН не предполагается автоматически; модель и необходимость питания неизвестны. Старое диагностическое местоположение не восстановлено; потребность оставлена в ведомости.,"Выбрать изделие и определить доступный вывод, тип подключения, точные XY/высоту и сервисный доступ по его документации.",FOR_CLIENT_REVIEW,P81/P83,70fc9095166db249416b1c905dc661427c9ec11e679262ac0b838e9de2ea0a68,,NOT_SELECTED,TBC,NOT_PROVEN,BLOCKING_TBC,[],"[""P84-RT-GUEST""]",COORDINATION_ONLY,,OLD_DIAGNOSTIC_MARKER_INVALID_FOR_CURRENT_PLANT_NEW_LOCATION_NULL,False,[],,,EQUIPMENT_OR_CEILING_INTERFACE_TBC,,"{""type"":""INTERFACE_MARKER_NOT_SOCKET"",""equipment_rect_mm"":null}",,,,,,,,,,
P65-P-25,P25,INTERFACE,P26-A-R02,Водоподготовка: две головы / управление,,,,ROOM_FFL_TO_EQUIPMENT_CONNECTION_TBC,TBC,,,,P84-FFL-P26-A-R02,P52-FILTER-SLOTS,PROVISIONAL_FILTER_INTERFACES,,,04_documents/work-in-progress/P82/DATA/services-P80.json#/power_interfaces/24,P65-P-25,,LOCATION_TBC,,,,,,"Реальные фильтры не выбраны, slots не подтверждают оборудование. Нужен паспорт питания каждого узла; brine tank сам по себе не означает электрический потребитель. Старое диагностическое местоположение не восстановлено; потребность оставлена в ведомости.","Выбрать изделие и определить доступный вывод, тип подключения, точные XY/высоту и сервисный доступ по его документации.",FOR_CLIENT_REVIEW,P81/P83,70fc9095166db249416b1c905dc661427c9ec11e679262ac0b838e9de2ea0a68,,NOT_SELECTED,TBC,NOT_PROVEN,BLOCKING_TBC,[],"[""P84-RT-GUEST""]",COORDINATION_ONLY,,OLD_DIAGNOSTIC_MARKER_INVALID_FOR_CURRENT_PLANT_NEW_LOCATION_NULL,False,[],,,EQUIPMENT_OR_CEILING_INTERFACE_TBC,,"{""type"":""INTERFACE_MARKER_NOT_SOCKET"",""equipment_rect_mm"":null}",,,,,,,,,,
P65-P-26,P26,INTERFACE,P26-A-R02,Фен / бритва гостевого С/У: место TBC,,,,ROOM_FFL_TO_EQUIPMENT_CONNECTION_TBC,TBC,,,,P84-FFL-P26-A-R02,P65-WET-USER-NEED,LOCATION_NOT_SELECTED,,,04_documents/work-in-progress/P82/DATA/services-P80.json#/power_interfaces/25,P65-P-26,,LOCATION_TBC,,,,,,"Этот ромб обозначает потребность, НЕ выбранную розетку. До проверки специальных зон точка подключения не разрешена. Старое диагностическое местоположение не восстановлено; потребность оставлена в ведомости.","Выбрать изделие и определить доступный вывод, тип подключения, точные XY/высоту и сервисный доступ по его документации.",FOR_CLIENT_REVIEW,P81/P83,70fc9095166db249416b1c905dc661427c9ec11e679262ac0b838e9de2ea0a68,,NOT_SELECTED,TBC,NOT_PROVEN,BLOCKING_TBC,[],"[""P84-RT-GUEST""]",COORDINATION_ONLY,,OLD_DIAGNOSTIC_MARKER_INVALID_FOR_CURRENT_PLANT_NEW_LOCATION_NULL,False,[],,,EQUIPMENT_OR_CEILING_INTERFACE_TBC,,"{""type"":""INTERFACE_MARKER_NOT_SOCKET"",""equipment_rect_mm"":null}",,,,,,,,,,
P65-P-27,P27,INTERFACE,P26-A-R03,Фен / бритва мастера: место TBC,10060,2665,,ROOM_FFL_TO_EQUIPMENT_CONNECTION_TBC,TBC,,,,P84-FFL-P26-A-R03,P53-M-JOINERY,DRY_ACCESSIBLE_SECTION_TBC,,,04_documents/work-in-progress/P82/DATA/services-P80.json#/power_interfaces/26,P65-P-27,"[10060,2665]",CONFLICT_HOLD,,,,,,"Внутри тумбы не означает вне мокрой зоны. Продукт, зона, доступ и отделка не подтверждены.","Выбрать изделие и определить доступный вывод, тип подключения, точные XY/высоту и сервисный доступ по его документации.",FOR_CLIENT_REVIEW,P81/P83,70fc9095166db249416b1c905dc661427c9ec11e679262ac0b838e9de2ea0a68,,NOT_SELECTED,TBC,NOT_PROVEN,BLOCKING_TBC,[],"[""P84-RT-MASTER_BATH""]",COORDINATION_ONLY,,RETAINED_REFERENCE_NOT_INSTALLATION_COORDINATE,True,[],,,EQUIPMENT_OR_CEILING_INTERFACE_TBC,,"{""type"":""INTERFACE_MARKER_NOT_SOCKET"",""equipment_rect_mm"":[10060,2440,800,450]}","[""P84-E-OPEN-003""]",,,,,,,,,
P65-P-28,P28,INTERFACE,P26-A-R02,Полотенцесушитель: тип питания TBC,9475,2190,,ROOM_FFL_TO_EQUIPMENT_CONNECTION_TBC,TBC,,,,P84-FFL-P26-A-R02,P53-G-TW,EQUIPMENT_INTERFACE,,,04_documents/work-in-progress/P82/DATA/services-P80.json#/power_interfaces/27,P65-P-28,"[9475,2190]",INTERFACE_MARKER_ONLY,,,,,,Электрический тип не назначен; может оказаться водяным.,"Выбрать изделие и определить доступный вывод, тип подключения, точные XY/высоту и сервисный доступ по его документации.",FOR_CLIENT_REVIEW,P81/P83,70fc9095166db249416b1c905dc661427c9ec11e679262ac0b838e9de2ea0a68,,NOT_SELECTED,TBC,NOT_PROVEN,BLOCKING_TBC,[],"[""P84-RT-GUEST""]",COORDINATION_ONLY,,RETAINED_REFERENCE_NOT_INSTALLATION_COORDINATE,True,[],,,EQUIPMENT_OR_CEILING_INTERFACE_TBC,,"{""type"":""INTERFACE_MARKER_NOT_SOCKET"",""equipment_rect_mm"":[9400,2140,150,100]}",,,,,,,,,,
P65-P-29,P29,INTERFACE,P26-A-R03,Полотенцесушитель: тип питания TBC,8410,3910,,ROOM_FFL_TO_EQUIPMENT_CONNECTION_TBC,TBC,,,,P84-FFL-P26-A-R03,P51-M-TW,EQUIPMENT_INTERFACE,,,04_documents/work-in-progress/P82/DATA/services-P80.json#/power_interfaces/28,P65-P-29,"[8410,3910]",INTERFACE_MARKER_ONLY,,,,,,,"Выбрать изделие и определить доступный вывод, тип подключения, точные XY/высоту и сервисный доступ по его документации.",FOR_CLIENT_REVIEW,P81/P83,70fc9095166db249416b1c905dc661427c9ec11e679262ac0b838e9de2ea0a68,,NOT_SELECTED,TBC,NOT_PROVEN,BLOCKING_TBC,[],"[""P84-RT-MASTER_BATH""]",COORDINATION_ONLY,,RETAINED_REFERENCE_NOT_INSTALLATION_COORDINATE,True,[],,,EQUIPMENT_OR_CEILING_INTERFACE_TBC,,"{""type"":""INTERFACE_MARKER_NOT_SOCKET"",""equipment_rect_mm"":[8210,3860,400,100]}",,,,,,,,,,
P65-P-30,P30,POWER,P73-LOUNGE,Лаундж: малая техника на столешнице,6360,0,,ROOM_FFL_TO_BLOCK_CENTRE,TBC_SOURCE_GRAPHIC_HEIGHT_NOT_ADOPTED,,,850,P84-FFL-P73-LOUNGE,P69-EXT-N,NORTH,6660,2,04_documents/work-in-progress/P82/DATA/services-P80.json#/power_interfaces/29,P65-P-30,"[6360,0]",CONFLICT_HOLD,,,,,,"Актуальный простенок от конца столешницы x6300 до D01 x6560 =260мм; центр x6360:60мм от столешницы,200мм от D01. Высота850 — старое графическое предположение; высота столешницы лаунджа неизвестна. HOLD до изделия/мокрой зоны/рамы.","Согласовать механизм, рамку, чистовую поверхность, доступ и высоту с фактической мебелью; проверить применимые требования.",FOR_CLIENT_REVIEW,P81/P83,70fc9095166db249416b1c905dc661427c9ec11e679262ac0b838e9de2ea0a68,,NOT_SELECTED,TBC,NOT_PROVEN,BLOCKING_TBC,[],"[""P84-RT-LOUNGE""]",COORDINATION_ONLY,2,RETAINED_REFERENCE_NOT_INSTALLATION_COORDINATE,True,[],"[[-300,0],[11260,0]]",X_EAST,MATCHES_P81_NOMINAL_CONTROL_FACE,FROM_P81_NOMINAL_CONTROL_FACE_START_NOT_SURVEYED_FINISH,,"[""P84-E-OPEN-004""]",,,,,,,,,
P65-P-31,P31,POWER,P73-LOUNGE,Лаундж: зарядка / уборка,8400,-3200,300,ROOM_FFL_TO_BLOCK_CENTRE,WORKING_ASSUMPTION_NOT_INSTALLATION,,,300,P84-FFL-P73-LOUNGE,LOUNGE_EAST_OPAQUE,WEST,,2,04_documents/work-in-progress/P82/DATA/services-P80.json#/power_interfaces/30,P65-P-31,"[8400,-3200]",PROPOSED_COORDINATION,,,,,,"Восточная глухая сторона, не стекло и не печь; отделка/влажность/холод требуют выбранного изделия.","Согласовать механизм, рамку, чистовую поверхность, доступ и высоту с фактической мебелью; проверить применимые требования.",FOR_CLIENT_REVIEW,P81/P83,70fc9095166db249416b1c905dc661427c9ec11e679262ac0b838e9de2ea0a68,,NOT_SELECTED,TBC,NOT_PROVEN,BLOCKING_TBC,[],"[""P84-RT-LOUNGE""]",COORDINATION_ONLY,2,RETAINED_REFERENCE_NOT_INSTALLATION_COORDINATE,True,[],,,EQUIPMENT_OR_CEILING_INTERFACE_TBC,,,,,,,,,,,,
P65-P-32,P32,INTERFACE,P65-EXTERIOR,Наружная уборка / временные нужды,-2800,0,,ROOM_FFL_TO_EQUIPMENT_CONNECTION_TBC,TBC,,,,P84-FFL-P65-EXTERIOR,WEST_CANOPY_EDGE,SERVICE_LOCATION_TBC,,,04_documents/work-in-progress/P82/DATA/services-P80.json#/power_interfaces/31,P65-P-32,"[-2800,0]",INTERFACE_MARKER_ONLY,,,,,,Не утверждённая розетка в опоре: опоры не рассчитаны. На чертеже только внешний интерфейс с невыбранной физической точкой.,"Выбрать изделие и определить доступный вывод, тип подключения, точные XY/высоту и сервисный доступ по его документации.",FOR_CLIENT_REVIEW,P81/P83,70fc9095166db249416b1c905dc661427c9ec11e679262ac0b838e9de2ea0a68,,NOT_SELECTED,TBC,NOT_PROVEN,BLOCKING_TBC,[],"[""P84-RT-EXTERIOR""]",COORDINATION_ONLY,,OUTER_CANOPY_CONTEXT_MARKER_ONLY_PHYSICAL_LOCATION_UNKNOWN,True,[],,,EQUIPMENT_OR_CEILING_INTERFACE_TBC,,"{""type"":""INTERFACE_MARKER_NOT_SOCKET"",""equipment_rect_mm"":null}",,,,,,,,,,
P68-P-33,P33,POWER,P26-A-R01,"Напитки: 2 свободных гнезда, отдельный блок",3250,400,1450,ROOM_FFL_TO_BLOCK_CENTRE,WORKING_ASSUMPTION_NOT_INSTALLATION,,,1450,P84-FFL-P26-A-R01,P69-EXT-N,SOUTH,3550,2,04_documents/work-in-progress/P82/DATA/services-P80.json#/power_interfaces/32,P68-P-33,"[3250,400]",PROPOSED_COORDINATION,,,,,,Предложение отдельного доступного блока; не техническая цепь и не дополнительная разрешённая мощность.,"Согласовать механизм, рамку, чистовую поверхность, доступ и высоту с фактической мебелью; проверить применимые требования.",FOR_CLIENT_REVIEW,P81/P83,70fc9095166db249416b1c905dc661427c9ec11e679262ac0b838e9de2ea0a68,,NOT_SELECTED,TBC,NOT_PROVEN,BLOCKING_TBC,[],"[""P84-RT-COMMON""]",COORDINATION_ONLY,2,RETAINED_REFERENCE_NOT_INSTALLATION_COORDINATE,True,[],"[[-300,400],[11260,400]]",X_EAST,MATCHES_P81_NOMINAL_CONTROL_FACE,FROM_P81_NOMINAL_CONTROL_FACE_START_NOT_SURVEYED_FINISH,,,,,,,,,,,
P68-P-34,P34,POWER,P26-A-R01,Кухня: уборка / свободный сервис,5050,3960,300,ROOM_FFL_TO_BLOCK_CENTRE,WORKING_ASSUMPTION_NOT_INSTALLATION,,,300,P84-FFL-P26-A-R01,P44-WB02,NORTH,1750,2,04_documents/work-in-progress/P82/DATA/services-P80.json#/power_interfaces/33,P68-P-34,"[5050,3960]",PROPOSED_COORDINATION,,,,,,Предложение отдельного доступного блока; не техническая цепь и не дополнительная разрешённая мощность.,"Согласовать механизм, рамку, чистовую поверхность, доступ и высоту с фактической мебелью; проверить применимые требования.",FOR_CLIENT_REVIEW,P81/P83,70fc9095166db249416b1c905dc661427c9ec11e679262ac0b838e9de2ea0a68,,NOT_SELECTED,TBC,NOT_PROVEN,BLOCKING_TBC,[],"[""P84-RT-COMMON""]",COORDINATION_ONLY,2,RETAINED_REFERENCE_NOT_INSTALLATION_COORDINATE,True,[],"[[3300,3960],[10860,3960]]",X_EAST,MATCHES_P81_NOMINAL_CONTROL_FACE,FROM_P81_NOMINAL_CONTROL_FACE_START_NOT_SURVEYED_FINISH,,,,,,,,,,,
P78-P-FREEZER,P-FRZ,INTERFACE,P26-A-R01,Отдельный морозильник F59: постоянно запитанный интерфейс,5680,1890,,ROOM_FFL_TO_EQUIPMENT_CONNECTION_TBC,TBC,,,,P84-FFL-P26-A-R01,P78-K-FREEZER,EQUIPMENT_INTERFACE_TBC,,,04_documents/work-in-progress/P82/DATA/services-P80.json#/power_interfaces/34,P78-P-FREEZER,"[5680,1890]",INTERFACE_MARKER_ONLY,,,,,,"Отдельный морозильник обязателен по P78. Маркер внутри пробного корпуса не является розеткой за прибором. Доступное отключение, вентиляция, нагрузка и конечное подключение TBC.","Выбрать изделие и определить доступный вывод, тип подключения, точные XY/высоту и сервисный доступ по его документации.",FOR_CLIENT_REVIEW,P81/P83,70fc9095166db249416b1c905dc661427c9ec11e679262ac0b838e9de2ea0a68,,NOT_SELECTED,TBC,NOT_PROVEN,BLOCKING_TBC,[],"[""P84-RT-COMMON""]",COORDINATION_ONLY,1,BLOCKING_TBC_PRODUCT_ACCESS_CIRCUIT,True,"[""P78-K-FREEZER""]",,,EQUIPMENT_OR_CEILING_INTERFACE_TBC,,"{""type"":""INTERFACE_MARKER_NOT_SOCKET"",""equipment_rect_mm"":[5160,1600,600,580]}",,,1,True,,,,,,
P65-SW-01,SW01,CONTROL,P73-LOUNGE,Местное управление 01,7550,0,1100,ROOM_FFL_TO_BLOCK_CENTRE,WORKING_ASSUMPTION_NOT_INSTALLATION,,,,P84-FFL-P73-LOUNGE,P69-EXT-N,NORTH,7850,,04_documents/work-in-progress/P82/DATA/services-P80.json#/controls/0,P65-SW-01,"[7550,0]",CONFLICT_HOLD,,,,,,P84: от края D01 x7460 до центра7550 =90мм; рамка/наличник TBC.,"Утвердить число клавиш/сцен, рамку, наличник, чистовую стену и глубину коробки; проверить доступ. 1100/950мм — сохранённая примерка, не норма.",FOR_CLIENT_REVIEW,P81/P83,70fc9095166db249416b1c905dc661427c9ec11e679262ac0b838e9de2ea0a68,,NOT_SELECTED,TBC,NOT_PROVEN,BLOCKING_TBC,"[""P84-G-HALL"",""P84-G-LOUNGE-PASSAGE""]","[""P84-RT-LOUNGE""]",COORDINATION_ONLY,,,,,"[[-300,0],[11260,0]]",X_EAST,MATCHES_P81_NOMINAL_CONTROL_FACE,FROM_P81_NOMINAL_CONTROL_FACE_START_NOT_SURVEYED_FINISH,,"[""P84-E-OPEN-005""]",,,,"[""P65-L-H1"",""P65-L-A3""]",,,,,
P65-SW-02,SW02,CONTROL,P26-A-HALL,Местное управление 02,7960,3380,1100,ROOM_FFL_TO_BLOCK_CENTRE,WORKING_ASSUMPTION_NOT_INSTALLATION,,,,P84-FFL-P26-A-HALL,P48-WB01-S,WEST,940,,04_documents/work-in-progress/P82/DATA/services-P80.json#/controls/1,P65-SW-02,"[7960,3380]",PROPOSED_COORDINATION,,,,,,"Второй конец прихожей, южнее техшкафа y3110; не за его фасадом.","Утвердить число клавиш/сцен, рамку, наличник, чистовую стену и глубину коробки; проверить доступ. 1100/950мм — сохранённая примерка, не норма.",FOR_CLIENT_REVIEW,P81/P83,70fc9095166db249416b1c905dc661427c9ec11e679262ac0b838e9de2ea0a68,,NOT_SELECTED,TBC,NOT_PROVEN,BLOCKING_TBC,"[""P84-G-HALL"",""P84-G-P65-L-H2""]","[""P84-RT-HALL""]",COORDINATION_ONLY,,,,,"[[7960,2440],[7960,3960]]",Y_SOUTH,MATCHES_P81_NOMINAL_CONTROL_FACE,FROM_P81_NOMINAL_CONTROL_FACE_START_NOT_SURVEYED_FINISH,,,,,,"[""P65-L-H1"",""P65-L-H2"",""P65-L-H3""]",,,,,
P65-SW-03,SW03,CONTROL,P26-A-R01,Местное управление 03,5050,3960,1100,ROOM_FFL_TO_BLOCK_CENTRE,WORKING_ASSUMPTION_NOT_INSTALLATION,,,,P84-FFL-P26-A-R01,P44-WB02,NORTH,1750,,04_documents/work-in-progress/P82/DATA/services-P80.json#/controls/2,P65-SW-03,"[5050,3960]",PROPOSED_COORDINATION,,,,,,"P84: до начала D06 x5440 от центра5050 =390мм, не прежние310.","Утвердить число клавиш/сцен, рамку, наличник, чистовую стену и глубину коробки; проверить доступ. 1100/950мм — сохранённая примерка, не норма.",FOR_CLIENT_REVIEW,P81/P83,70fc9095166db249416b1c905dc661427c9ec11e679262ac0b838e9de2ea0a68,,NOT_SELECTED,TBC,NOT_PROVEN,BLOCKING_TBC,"[""P84-G-COVE"",""P84-G-DINING"",""P84-G-KITCHEN"",""P84-G-LIVING"",""P84-G-P65-L-V2""]","[""P84-RT-COMMON""]",COORDINATION_ONLY,,,,,"[[3300,3960],[10860,3960]]",X_EAST,MATCHES_P81_NOMINAL_CONTROL_FACE,FROM_P81_NOMINAL_CONTROL_FACE_START_NOT_SURVEYED_FINISH,,,,,,"[""P65-L-K1"",""P65-L-K2"",""P65-L-I1"",""P65-L-D1"",""P65-L-V1"",""P65-L-V2"",""P65-L-V3"",""P68-L-V4""]",,,,,
P65-SW-04,SW04,CONTROL,P26-A-R01,Местное управление 04,800,400,1100,ROOM_FFL_TO_BLOCK_CENTRE,WORKING_ASSUMPTION_NOT_INSTALLATION,,,,P84-FFL-P26-A-R01,P69-EXT-N,SOUTH,1100,,04_documents/work-in-progress/P82/DATA/services-P80.json#/controls/3,P65-SW-04,"[800,400]",PROPOSED_COORDINATION,,,,,,Со стороны D02: сплошной северный участок x400..1200; защита от наличников/штор TBC.,"Утвердить число клавиш/сцен, рамку, наличник, чистовую стену и глубину коробки; проверить доступ. 1100/950мм — сохранённая примерка, не норма.",FOR_CLIENT_REVIEW,P81/P83,70fc9095166db249416b1c905dc661427c9ec11e679262ac0b838e9de2ea0a68,,NOT_SELECTED,TBC,NOT_PROVEN,BLOCKING_TBC,"[""P84-G-COVE"",""P84-G-DINING"",""P84-G-LIVING"",""P84-G-P65-L-E1"",""P84-G-P65-L-V2""]","[""P84-RT-COMMON""]",COORDINATION_ONLY,,,,,"[[-300,400],[11260,400]]",X_EAST,MATCHES_P81_NOMINAL_CONTROL_FACE,FROM_P81_NOMINAL_CONTROL_FACE_START_NOT_SURVEYED_FINISH,,,,,,"[""P65-L-D1"",""P65-L-V1"",""P65-L-V2"",""P65-L-E1"",""P68-L-V4""]",,,,,
P65-SW-05,SW05,CONTROL,P26-A-R01,Местное управление 05,3300,4310,1100,ROOM_FFL_TO_BLOCK_CENTRE,WORKING_ASSUMPTION_NOT_INSTALLATION,,,,P84-FFL-P26-A-R01,P44-P02,WEST,350,,04_documents/work-in-progress/P82/DATA/services-P80.json#/controls/4,P65-SW-05,"[3300,4310]",PROPOSED_COORDINATION,,,,,,"На коротком простенке над северным торцом высокого шкафа; источник стены сохраняется, акустика/backing P66 pending.","Утвердить число клавиш/сцен, рамку, наличник, чистовую стену и глубину коробки; проверить доступ. 1100/950мм — сохранённая примерка, не норма.",FOR_CLIENT_REVIEW,P81/P83,70fc9095166db249416b1c905dc661427c9ec11e679262ac0b838e9de2ea0a68,,NOT_SELECTED,TBC,NOT_PROVEN,BLOCKING_TBC,"[""P84-G-COVE"",""P84-G-LIVING"",""P84-G-P65-L-V2""]","[""P84-RT-COMMON""]",COORDINATION_ONLY,,,,,"[[3300,3960],[3300,7760]]",Y_SOUTH,MATCHES_P81_NOMINAL_CONTROL_FACE,FROM_P81_NOMINAL_CONTROL_FACE_START_NOT_SURVEYED_FINISH,,,,,,"[""P65-L-V1"",""P65-L-V2"",""P65-L-V3"",""P68-L-V4""]",,,,,
P65-SW-06,SW06,CONTROL,P26-A-HALL,Местное управление 06,7460,475,1100,ROOM_FFL_TO_BLOCK_CENTRE,WORKING_ASSUMPTION_NOT_INSTALLATION,,,,P84-FFL-P26-A-HALL,P48-WB01-N,WEST,75,,04_documents/work-in-progress/P82/DATA/services-P80.json#/controls/5,P65-SW-06,"[7460,475]",CONFLICT_HOLD,,,,,,"P84: простенок150мм y400..550, центр475; по75мм от краёв. HOLD.","Утвердить число клавиш/сцен, рамку, наличник, чистовую стену и глубину коробки; проверить доступ. 1100/950мм — сохранённая примерка, не норма.",FOR_CLIENT_REVIEW,P81/P83,70fc9095166db249416b1c905dc661427c9ec11e679262ac0b838e9de2ea0a68,,NOT_SELECTED,TBC,NOT_PROVEN,BLOCKING_TBC,"[""P84-G-P26-A-R02-GENERAL"",""P84-G-P65-L-G2""]","[""P84-RT-HALL""]",COORDINATION_ONLY,,,,,"[[7460,400],[7460,2240]]",Y_SOUTH,MATCHES_P81_NOMINAL_CONTROL_FACE,FROM_P81_NOMINAL_CONTROL_FACE_START_NOT_SURVEYED_FINISH,,"[""P84-E-OPEN-006""]",,,,"[""P65-L-G1"",""P65-L-G2"",""P65-L-G3"",""P65-L-G4""]",,,,,
P65-SW-07,SW07,CONTROL,P26-A-R04,Местное управление 07,8850,4160,1100,ROOM_FFL_TO_BLOCK_CENTRE,WORKING_ASSUMPTION_NOT_INSTALLATION,,,,P84-FFL-P26-A-R04,P44-WB02,SOUTH,5550,,04_documents/work-in-progress/P82/DATA/services-P80.json#/controls/6,P65-SW-07,"[8850,4160]",CONFLICT_HOLD,,,,,,"P84: parked D04 до8790, D05 от8910; центр8850, по60мм. HOLD.","Утвердить число клавиш/сцен, рамку, наличник, чистовую стену и глубину коробки; проверить доступ. 1100/950мм — сохранённая примерка, не норма.",FOR_CLIENT_REVIEW,P81/P83,70fc9095166db249416b1c905dc661427c9ec11e679262ac0b838e9de2ea0a68,,NOT_SELECTED,TBC,NOT_PROVEN,BLOCKING_TBC,"[""P84-G-P26-A-R03-GENERAL"",""P84-G-P65-L-M2""]","[""P84-RT-MASTER""]",COORDINATION_ONLY,,,,,"[[3300,4160],[10860,4160]]",X_EAST,MATCHES_P81_NOMINAL_CONTROL_FACE,FROM_P81_NOMINAL_CONTROL_FACE_START_NOT_SURVEYED_FINISH,,"[""P84-E-OPEN-007""]",,,,"[""P65-L-M1"",""P65-L-M2"",""P65-L-M3""]",,,,,
P65-SW-08,SW08,CONTROL,P26-A-R04,Местное управление 08,6800,4510,1100,ROOM_FFL_TO_BLOCK_CENTRE,WORKING_ASSUMPTION_NOT_INSTALLATION,,,,P84-FFL-P26-A-R04,P44-P03,EAST,350,,04_documents/work-in-progress/P82/DATA/services-P80.json#/controls/7,P65-SW-08,"[6800,4510]",PROPOSED_COORDINATION,,,,,,"У входа в мастер-спальню, не за открытой D04.","Утвердить число клавиш/сцен, рамку, наличник, чистовую стену и глубину коробки; проверить доступ. 1100/950мм — сохранённая примерка, не норма.",FOR_CLIENT_REVIEW,P81/P83,70fc9095166db249416b1c905dc661427c9ec11e679262ac0b838e9de2ea0a68,,NOT_SELECTED,TBC,NOT_PROVEN,BLOCKING_TBC,"[""P84-G-P26-A-R04-GENERAL"",""P84-G-P26-A-R04-WARDROBE""]","[""P84-RT-MASTER""]",COORDINATION_ONLY,,,,,"[[6800,4160],[6800,7760]]",Y_SOUTH,MATCHES_P81_NOMINAL_CONTROL_FACE,FROM_P81_NOMINAL_CONTROL_FACE_START_NOT_SURVEYED_FINISH,,,,,,"[""P65-L-B1"",""P65-L-B5""]",,,,,
P65-SW-09,SW09,CONTROL,P26-A-R04,Местное управление 09,6800,4985,950,ROOM_FFL_TO_BLOCK_CENTRE,WORKING_ASSUMPTION_NOT_INSTALLATION,,,,P84-FFL-P26-A-R04,P44-P03,EAST,825,,04_documents/work-in-progress/P82/DATA/services-P80.json#/controls/8,P65-SW-09,"[6800,4985]",PROPOSED_COORDINATION,,,,,,"Северная тумба: общий/своё чтение/ночной, дополнительное включение света С/У.","Утвердить число клавиш/сцен, рамку, наличник, чистовую стену и глубину коробки; проверить доступ. 1100/950мм — сохранённая примерка, не норма.",FOR_CLIENT_REVIEW,P81/P83,70fc9095166db249416b1c905dc661427c9ec11e679262ac0b838e9de2ea0a68,,NOT_SELECTED,TBC,NOT_PROVEN,BLOCKING_TBC,"[""P84-G-P26-A-R03-GENERAL"",""P84-G-P26-A-R04-GENERAL"",""P84-G-P65-L-B2"",""P84-G-P65-L-B4""]","[""P84-RT-MASTER""]",COORDINATION_ONLY,,,,,"[[6800,4160],[6800,7760]]",Y_SOUTH,MATCHES_P81_NOMINAL_CONTROL_FACE,FROM_P81_NOMINAL_CONTROL_FACE_START_NOT_SURVEYED_FINISH,,,,,,"[""P65-L-B1"",""P65-L-B2"",""P65-L-B4"",""P65-L-M1""]",,,,,
P65-SW-10,SW10,CONTROL,P26-A-R04,Местное управление 10,6800,7335,950,ROOM_FFL_TO_BLOCK_CENTRE,WORKING_ASSUMPTION_NOT_INSTALLATION,,,,P84-FFL-P26-A-R04,P44-P03,EAST,3175,,04_documents/work-in-progress/P82/DATA/services-P80.json#/controls/9,P65-SW-10,"[6800,7335]",PROPOSED_COORDINATION,,,,,,"Южная тумба; такой же общий и ночной, но своё чтение.","Утвердить число клавиш/сцен, рамку, наличник, чистовую стену и глубину коробки; проверить доступ. 1100/950мм — сохранённая примерка, не норма.",FOR_CLIENT_REVIEW,P81/P83,70fc9095166db249416b1c905dc661427c9ec11e679262ac0b838e9de2ea0a68,,NOT_SELECTED,TBC,NOT_PROVEN,BLOCKING_TBC,"[""P84-G-P26-A-R03-GENERAL"",""P84-G-P26-A-R04-GENERAL"",""P84-G-P65-L-B3"",""P84-G-P65-L-B4""]","[""P84-RT-MASTER""]",COORDINATION_ONLY,,,,,"[[6800,4160],[6800,7760]]",Y_SOUTH,MATCHES_P81_NOMINAL_CONTROL_FACE,FROM_P81_NOMINAL_CONTROL_FACE_START_NOT_SURVEYED_FINISH,,,,,,"[""P65-L-B1"",""P65-L-B3"",""P65-L-B4"",""P65-L-M1""]",,,,,
P65-SW-11,SW11,CONTROL,P26-A-R05,Местное управление 11,6460,4160,1100,ROOM_FFL_TO_BLOCK_CENTRE,WORKING_ASSUMPTION_NOT_INSTALLATION,,,,P84-FFL-P26-A-R05,P44-WB02,SOUTH,3160,,04_documents/work-in-progress/P82/DATA/services-P80.json#/controls/10,P65-SW-11,"[6460,4160]",CONFLICT_HOLD,,,,,,"P84: край D06 x6340, точка6460, граница6600;120мм/140мм. HOLD до проверки рамки и открывания.","Утвердить число клавиш/сцен, рамку, наличник, чистовую стену и глубину коробки; проверить доступ. 1100/950мм — сохранённая примерка, не норма.",FOR_CLIENT_REVIEW,P81/P83,70fc9095166db249416b1c905dc661427c9ec11e679262ac0b838e9de2ea0a68,,NOT_SELECTED,TBC,NOT_PROVEN,BLOCKING_TBC,"[""P84-G-P26-A-R05-GENERAL"",""P84-G-P26-A-R05-WARDROBE""]","[""P84-RT-BED2""]",COORDINATION_ONLY,,,,,"[[3300,4160],[10860,4160]]",X_EAST,MATCHES_P81_NOMINAL_CONTROL_FACE,FROM_P81_NOMINAL_CONTROL_FACE_START_NOT_SURVEYED_FINISH,,"[""P84-E-OPEN-008""]",,,,"[""P65-L-C1"",""P65-L-C5""]",,,,,
P65-SW-12,SW12,CONTROL,P26-A-R05,Местное управление 12,3500,4985,950,ROOM_FFL_TO_BLOCK_CENTRE,WORKING_ASSUMPTION_NOT_INSTALLATION,,,,P84-FFL-P26-A-R05,P44-P02,EAST,1025,,04_documents/work-in-progress/P82/DATA/services-P80.json#/controls/11,P65-SW-12,"[3500,4985]",PROPOSED_COORDINATION,,,,,,Северная прикроватная тумба.,"Утвердить число клавиш/сцен, рамку, наличник, чистовую стену и глубину коробки; проверить доступ. 1100/950мм — сохранённая примерка, не норма.",FOR_CLIENT_REVIEW,P81/P83,70fc9095166db249416b1c905dc661427c9ec11e679262ac0b838e9de2ea0a68,,NOT_SELECTED,TBC,NOT_PROVEN,BLOCKING_TBC,"[""P84-G-P26-A-R05-GENERAL"",""P84-G-P65-L-C2"",""P84-G-P65-L-C4""]","[""P84-RT-BED2""]",COORDINATION_ONLY,,,,,"[[3500,3960],[3500,7760]]",Y_SOUTH,MATCHES_P81_NOMINAL_CONTROL_FACE,FROM_P81_NOMINAL_CONTROL_FACE_START_NOT_SURVEYED_FINISH,,,,,,"[""P65-L-C1"",""P65-L-C2"",""P65-L-C4""]",,,,,
P65-SW-13,SW13,CONTROL,P26-A-R05,Местное управление 13,3500,7335,950,ROOM_FFL_TO_BLOCK_CENTRE,WORKING_ASSUMPTION_NOT_INSTALLATION,,,,P84-FFL-P26-A-R05,P44-P02,EAST,3375,,04_documents/work-in-progress/P82/DATA/services-P80.json#/controls/12,P65-SW-13,"[3500,7335]",PROPOSED_COORDINATION,,,,,,Южная прикроватная тумба.,"Утвердить число клавиш/сцен, рамку, наличник, чистовую стену и глубину коробки; проверить доступ. 1100/950мм — сохранённая примерка, не норма.",FOR_CLIENT_REVIEW,P81/P83,70fc9095166db249416b1c905dc661427c9ec11e679262ac0b838e9de2ea0a68,,NOT_SELECTED,TBC,NOT_PROVEN,BLOCKING_TBC,"[""P84-G-P26-A-R05-GENERAL"",""P84-G-P65-L-C3"",""P84-G-P65-L-C4""]","[""P84-RT-BED2""]",COORDINATION_ONLY,,,,,"[[3500,3960],[3500,7760]]",Y_SOUTH,MATCHES_P81_NOMINAL_CONTROL_FACE,FROM_P81_NOMINAL_CONTROL_FACE_START_NOT_SURVEYED_FINISH,,,,,,"[""P65-L-C1"",""P65-L-C3"",""P65-L-C4""]",,,,,
P65-SW-14,SW14,CONTROL,P73-LOUNGE,Местное управление 14,800,0,1100,ROOM_FFL_TO_BLOCK_CENTRE,WORKING_ASSUMPTION_NOT_INSTALLATION,,,,P84-FFL-P73-LOUNGE,P69-EXT-N,NORTH,1100,,04_documents/work-in-progress/P82/DATA/services-P80.json#/controls/13,P65-SW-14,"[800,0]",PROPOSED_COORDINATION,,,,,,"У кухонного D02, не на подвижном стекле. Сцены стола, движения, акцента и наружного пути независимо.","Утвердить число клавиш/сцен, рамку, наличник, чистовую стену и глубину коробки; проверить доступ. 1100/950мм — сохранённая примерка, не норма.",FOR_CLIENT_REVIEW,P81/P83,70fc9095166db249416b1c905dc661427c9ec11e679262ac0b838e9de2ea0a68,,NOT_SELECTED,TBC,NOT_PROVEN,BLOCKING_TBC,"[""P84-G-LOUNGE-DINING"",""P84-G-LOUNGE-PASSAGE"",""P84-G-P65-L-E1"",""P84-G-P65-L-E2""]","[""P84-RT-LOUNGE""]",COORDINATION_ONLY,,,,,"[[-300,0],[11260,0]]",X_EAST,MATCHES_P81_NOMINAL_CONTROL_FACE,FROM_P81_NOMINAL_CONTROL_FACE_START_NOT_SURVEYED_FINISH,,,,,,"[""P65-L-A1"",""P65-L-A3"",""P65-L-A4"",""P65-L-E1"",""P65-L-E2""]",,,,,
P65-SW-15,SW15,CONTROL,P73-LOUNGE,Местное управление 15,8250,0,1100,ROOM_FFL_TO_BLOCK_CENTRE,WORKING_ASSUMPTION_NOT_INSTALLATION,,,,P84-FFL-P73-LOUNGE,P69-EXT-N,NORTH,8550,,04_documents/work-in-progress/P82/DATA/services-P80.json#/controls/14,P65-SW-15,"[8250,0]",PROPOSED_COORDINATION,,,,,,У входного конца лаундж: не заставляет идти в темноте к кухне. Неподвижная поверхность дома; фурнитура климатически подходящая.,"Утвердить число клавиш/сцен, рамку, наличник, чистовую стену и глубину коробки; проверить доступ. 1100/950мм — сохранённая примерка, не норма.",FOR_CLIENT_REVIEW,P81/P83,70fc9095166db249416b1c905dc661427c9ec11e679262ac0b838e9de2ea0a68,,NOT_SELECTED,TBC,NOT_PROVEN,BLOCKING_TBC,"[""P84-G-LOUNGE-DINING"",""P84-G-LOUNGE-PASSAGE"",""P84-G-LOUNGE-WORK""]","[""P84-RT-LOUNGE""]",COORDINATION_ONLY,,,,,"[[-300,0],[11260,0]]",X_EAST,MATCHES_P81_NOMINAL_CONTROL_FACE,FROM_P81_NOMINAL_CONTROL_FACE_START_NOT_SURVEYED_FINISH,,,,,,"[""P65-L-A1"",""P65-L-A2"",""P65-L-A3"",""P65-L-A4""]",,,,,
P65-SW-16,SW16,CONTROL,P73-LOUNGE,Местное управление 16,6390,0,1100,ROOM_FFL_TO_BLOCK_CENTRE,WORKING_ASSUMPTION_NOT_INSTALLATION,,,,P84-FFL-P73-LOUNGE,P69-EXT-N,NORTH,6690,,04_documents/work-in-progress/P82/DATA/services-P80.json#/controls/15,P65-SW-16,"[6390,0]",CONFLICT_HOLD,,,,,,"P84: конец столешницы6300; D01 начинается6560. Простенок260мм, центр6390:90/170мм. HOLD до рамки/влаги.","Утвердить число клавиш/сцен, рамку, наличник, чистовую стену и глубину коробки; проверить доступ. 1100/950мм — сохранённая примерка, не норма.",FOR_CLIENT_REVIEW,P81/P83,70fc9095166db249416b1c905dc661427c9ec11e679262ac0b838e9de2ea0a68,,NOT_SELECTED,TBC,NOT_PROVEN,BLOCKING_TBC,"[""P84-G-LOUNGE-WORK""]","[""P84-RT-LOUNGE""]",COORDINATION_ONLY,,,,,"[[-300,0],[11260,0]]",X_EAST,MATCHES_P81_NOMINAL_CONTROL_FACE,FROM_P81_NOMINAL_CONTROL_FACE_START_NOT_SURVEYED_FINISH,,"[""P84-E-OPEN-009""]",,,,"[""P65-L-A2""]",,,,,
P65-SW-00,SW00,CONTROL,P73-LOUNGE,Ухожу — выключить свет,7700,0,1100,ROOM_FFL_TO_BLOCK_CENTRE,WORKING_ASSUMPTION_NOT_INSTALLATION,,,,P84-FFL-P73-LOUNGE,P69-EXT-N,NORTH,8000,,04_documents/work-in-progress/P82/DATA/services-P80.json#/controls/16,P65-SW-00,"[7700,0]",PROPOSED_COORDINATION,,,,,,«Ухожу — свет выключить»: только управляемые группы света. Не общий рубильник розеток/инженерии. Каждая местная клавиша должна включать свою группу после команды.,"Утвердить число клавиш/сцен, рамку, наличник, чистовую стену и глубину коробки; проверить доступ. 1100/950мм — сохранённая примерка, не норма.",FOR_CLIENT_REVIEW,P81/P83,70fc9095166db249416b1c905dc661427c9ec11e679262ac0b838e9de2ea0a68,,NOT_SELECTED,TBC,NOT_PROVEN,BLOCKING_TBC,"[""P84-G-COVE"",""P84-G-DINING"",""P84-G-HALL"",""P84-G-KITCHEN"",""P84-G-LIVING"",""P84-G-LOUNGE-DINING"",""P84-G-LOUNGE-PASSAGE"",""P84-G-LOUNGE-WORK"",""P84-G-P26-A-R02-GENERAL"",""P84-G-P26-A-R03-GENERAL"",""P84-G-P26-A-R04-GENERAL"",""P84-G-P26-A-R04-WARDROBE"",""P84-G-P26-A-R05-GENERAL"",""P84-G-P26-A-R05-WARDROBE"",""P84-G-P65-L-B2"",""P84-G-P65-L-B3"",""P84-G-P65-L-B4"",""P84-G-P65-L-C2"",""P84-G-P65-L-C3"",""P84-G-P65-L-C4"",""P84-G-P65-L-E1"",""P84-G-P65-L-E2"",""P84-G-P65-L-G2"",""P84-G-P65-L-H2"",""P84-G-P65-L-M2"",""P84-G-P65-L-V2""]","[""P84-RT-LOUNGE""]",COORDINATION_ONLY,,,,,"[[-300,0],[11260,0]]",X_EAST,MATCHES_P81_NOMINAL_CONTROL_FACE,FROM_P81_NOMINAL_CONTROL_FACE_START_NOT_SURVEYED_FINISH,,,,,,"[""P65-L-K1"",""P65-L-K2"",""P65-L-I1"",""P65-L-D1"",""P65-L-V1"",""P65-L-V2"",""P65-L-V3"",""P65-L-H1"",""P65-L-H2"",""P65-L-H3"",""P65-L-G1"",""P65-L-G2"",""P65-L-G3"",""P65-L-G4"",""P65-L-M1"",""P65-L-M2"",""P65-L-M3"",""P65-L-B1"",""P65-L-B2"",""P65-L-B3"",""P65-L-B4"",""P65-L-B5"",""P65-L-C1"",""P65-L-C2"",""P65-L-C3"",""P65-L-C4"",""P65-L-C5"",""P65-L-A1"",""P65-L-A2"",""P65-L-A3"",""P65-L-A4"",""P65-L-E1"",""P65-L-E2"",""P68-L-V4""]",,,,,
P79-L01,L01,LIGHT,P26-A-R01,Подвес над столом; проверить отражения в западном стекле,1700,2850,,ROOM_FFL_TO_LIGHT_MOUNTING_DATUM_TBC,TBC_GRAPHIC_Z_NOT_INSTALLATION_HEIGHT,,,2100,P84-FFL-P26-A-R01,P26-A-T01,ABOVE_FURNITURE_CENTRE,,,04_documents/work-in-progress/P82/DATA/services-P80.json#/p79_ceiling_lighting/fixtures/0,P79-L01,"[1750,2700]",RELOCATED_PROPOSAL,,,,,,"P84: подвес привязан к центру фактического стола P26-A-T01 [800,2400,1800,900]: [1700,2850], вместо[1750,2700]. Стол не изменён; высота и оптика TBC.","Выбрать светильник, подтвердить потолок/подвес, оптику, монтажную точку и доступ к драйверу; выполнить светотехническую проверку.",FOR_CLIENT_REVIEW,P81/P83,70fc9095166db249416b1c905dc661427c9ec11e679262ac0b838e9de2ea0a68,,NOT_SELECTED,TBC,NOT_PROVEN,BLOCKING_TBC,"[""P84-G-DINING""]","[""P84-RT-COMMON""]",COORDINATION_ONLY,,,,,,,EQUIPMENT_OR_CEILING_INTERFACE_TBC,,"{""type"":""PENDANT"",""segment_xy_mm"":null,""graphic_z_mm"":2100,""actual_mounting_z_mm"":null}",,,,,,,,,,
P79-L02,L02,LIGHT,P26-A-R01,"Подвесной трек для стен и чтения, не направлять на ТВ",1250,5800,,ROOM_FFL_TO_LIGHT_MOUNTING_DATUM_TBC,TBC_GRAPHIC_Z_NOT_INSTALLATION_HEIGHT,,,3200,P84-FFL-P26-A-R01,P81-CEILING-P26-A-R01,CEILING_OR_SUSPENSION,,,04_documents/work-in-progress/P82/DATA/services-P80.json#/p79_ceiling_lighting/fixtures/1,P79-L02,"[1250,5800]",PROPOSED_COORDINATION,,,,,,"P79: плановый световой замысел сохранён. Графическая отметка не определяет центр, нижний край или точку подвеса выбранного изделия.","Выбрать светильник, подтвердить потолок/подвес, оптику, монтажную точку и доступ к драйверу; выполнить светотехническую проверку.",FOR_CLIENT_REVIEW,P81/P83,70fc9095166db249416b1c905dc661427c9ec11e679262ac0b838e9de2ea0a68,,NOT_SELECTED,TBC,NOT_PROVEN,BLOCKING_TBC,"[""P84-G-LIVING""]","[""P84-RT-COMMON""]",COORDINATION_ONLY,,,,,,,EQUIPMENT_OR_CEILING_INTERFACE_TBC,,"{""type"":""TRACK"",""segment_xy_mm"":[[1250,4600],[1250,7000]],""graphic_z_mm"":3200,""actual_mounting_z_mm"":null}",,,,,,,,,,
P79-L03,L03,LIGHT,P26-A-R01,"Подвесной трек для стен и чтения, не направлять на ТВ",2750,5800,,ROOM_FFL_TO_LIGHT_MOUNTING_DATUM_TBC,TBC_GRAPHIC_Z_NOT_INSTALLATION_HEIGHT,,,3200,P84-FFL-P26-A-R01,P81-CEILING-P26-A-R01,CEILING_OR_SUSPENSION,,,04_documents/work-in-progress/P82/DATA/services-P80.json#/p79_ceiling_lighting/fixtures/2,P79-L03,"[2750,5800]",PROPOSED_COORDINATION,,,,,,"P79: плановый световой замысел сохранён. Графическая отметка не определяет центр, нижний край или точку подвеса выбранного изделия.","Выбрать светильник, подтвердить потолок/подвес, оптику, монтажную точку и доступ к драйверу; выполнить светотехническую проверку.",FOR_CLIENT_REVIEW,P81/P83,70fc9095166db249416b1c905dc661427c9ec11e679262ac0b838e9de2ea0a68,,NOT_SELECTED,TBC,NOT_PROVEN,BLOCKING_TBC,"[""P84-G-LIVING""]","[""P84-RT-COMMON""]",COORDINATION_ONLY,,,,,,,EQUIPMENT_OR_CEILING_INTERFACE_TBC,,"{""type"":""TRACK"",""segment_xy_mm"":[[2750,4600],[2750,7000]],""graphic_z_mm"":3200,""actual_mounting_z_mm"":null}",,,,,,,,,,
P79-L04,L04,LIGHT,P26-A-R01,"Отдельная интимная подсветка; скрытый источник, доступный драйвер",3272,4080,,ROOM_FFL_TO_LIGHT_MOUNTING_DATUM_TBC,TBC_GRAPHIC_Z_NOT_INSTALLATION_HEIGHT,,,2950,P84-FFL-P26-A-R01,P81-CEILING-P26-A-R01,CEILING_OR_SUSPENSION,,,04_documents/work-in-progress/P82/DATA/services-P80.json#/p79_ceiling_lighting/fixtures/3,P79-L04,"[3272,4080]",PROPOSED_COORDINATION,,,,,,"P79: плановый световой замысел сохранён. Графическая отметка не определяет центр, нижний край или точку подвеса выбранного изделия.","Выбрать светильник, подтвердить потолок/подвес, оптику, монтажную точку и доступ к драйверу; выполнить светотехническую проверку.",FOR_CLIENT_REVIEW,P81/P83,70fc9095166db249416b1c905dc661427c9ec11e679262ac0b838e9de2ea0a68,,NOT_SELECTED,TBC,NOT_PROVEN,BLOCKING_TBC,"[""P84-G-COVE""]","[""P84-RT-COMMON""]",COORDINATION_ONLY,,,,,,,EQUIPMENT_OR_CEILING_INTERFACE_TBC,,"{""type"":""COVE"",""segment_xy_mm"":[[3272,400],[3272,7760]],""graphic_z_mm"":2950,""actual_mounting_z_mm"":null}",,,,,,,,,,
P79-L05,L05,LIGHT,P26-A-R01,Рабочие поверхности и морозильник,4700,1550,,ROOM_FFL_TO_LIGHT_MOUNTING_DATUM_TBC,TBC_GRAPHIC_Z_NOT_INSTALLATION_HEIGHT,,,2980,P84-FFL-P26-A-R01,P81-CEILING-P26-A-R01,CEILING_OR_SUSPENSION,,,04_documents/work-in-progress/P82/DATA/services-P80.json#/p79_ceiling_lighting/fixtures/4,P79-L05,"[4700,1550]",PROPOSED_COORDINATION,,,,,,"P79: плановый световой замысел сохранён. Графическая отметка не определяет центр, нижний край или точку подвеса выбранного изделия.","Выбрать светильник, подтвердить потолок/подвес, оптику, монтажную точку и доступ к драйверу; выполнить светотехническую проверку.",FOR_CLIENT_REVIEW,P81/P83,70fc9095166db249416b1c905dc661427c9ec11e679262ac0b838e9de2ea0a68,,NOT_SELECTED,TBC,NOT_PROVEN,BLOCKING_TBC,"[""P84-G-KITCHEN""]","[""P84-RT-COMMON""]",COORDINATION_ONLY,,,,,,,EQUIPMENT_OR_CEILING_INTERFACE_TBC,,"{""type"":""TRACK"",""segment_xy_mm"":[[4700,650],[4700,2450]],""graphic_z_mm"":2980,""actual_mounting_z_mm"":null}",,,,,,,,,,
P79-L06,L06,LIGHT,P26-A-HALL,Лица шкафов и маршрут входа,6870,2200,,ROOM_FFL_TO_LIGHT_MOUNTING_DATUM_TBC,TBC_GRAPHIC_Z_NOT_INSTALLATION_HEIGHT,,,2980,P84-FFL-P26-A-HALL,P81-CEILING-P26-A-HALL,CEILING_OR_SUSPENSION,,,04_documents/work-in-progress/P82/DATA/services-P80.json#/p79_ceiling_lighting/fixtures/5,P79-L06,"[6870,2200]",PROPOSED_COORDINATION,,,,,,"P79: плановый световой замысел сохранён. Графическая отметка не определяет центр, нижний край или точку подвеса выбранного изделия.","Выбрать светильник, подтвердить потолок/подвес, оптику, монтажную точку и доступ к драйверу; выполнить светотехническую проверку.",FOR_CLIENT_REVIEW,P81/P83,70fc9095166db249416b1c905dc661427c9ec11e679262ac0b838e9de2ea0a68,,NOT_SELECTED,TBC,NOT_PROVEN,BLOCKING_TBC,"[""P84-G-HALL""]","[""P84-RT-HALL""]",COORDINATION_ONLY,,,,,,,EQUIPMENT_OR_CEILING_INTERFACE_TBC,,"{""type"":""TRACK"",""segment_xy_mm"":[[6870,850],[6870,3550]],""graphic_z_mm"":2980,""actual_mounting_z_mm"":null}",,,,,,,,,,
P79-L07,L07,LIGHT,P26-A-R04,Мягкий рассеянный свет; независим от прикроватного,8500,5650,,ROOM_FFL_TO_LIGHT_MOUNTING_DATUM_TBC,TBC_GRAPHIC_Z_NOT_INSTALLATION_HEIGHT,,,2940,P84-FFL-P26-A-R04,P81-CEILING-P26-A-R04,CEILING_OR_SUSPENSION,,,04_documents/work-in-progress/P82/DATA/services-P80.json#/p79_ceiling_lighting/fixtures/6,P79-L07,"[8500,5650]",PROPOSED_COORDINATION,,,,,,"P79: плановый световой замысел сохранён. Графическая отметка не определяет центр, нижний край или точку подвеса выбранного изделия.","Выбрать светильник, подтвердить потолок/подвес, оптику, монтажную точку и доступ к драйверу; выполнить светотехническую проверку.",FOR_CLIENT_REVIEW,P81/P83,70fc9095166db249416b1c905dc661427c9ec11e679262ac0b838e9de2ea0a68,,NOT_SELECTED,TBC,NOT_PROVEN,BLOCKING_TBC,"[""P84-G-P26-A-R04-GENERAL""]","[""P84-RT-MASTER""]",COORDINATION_ONLY,,,,,,,EQUIPMENT_OR_CEILING_INTERFACE_TBC,,"{""type"":""SURFACE"",""segment_xy_mm"":null,""graphic_z_mm"":2940,""actual_mounting_z_mm"":null}",,,,,,,,,,
P79-L08,L08,LIGHT,P26-A-R04,Освещение фасада шкафа; перепроверить открытые двери,9900,6200,,ROOM_FFL_TO_LIGHT_MOUNTING_DATUM_TBC,TBC_GRAPHIC_Z_NOT_INSTALLATION_HEIGHT,,,2980,P84-FFL-P26-A-R04,P81-CEILING-P26-A-R04,CEILING_OR_SUSPENSION,,,04_documents/work-in-progress/P82/DATA/services-P80.json#/p79_ceiling_lighting/fixtures/7,P79-L08,"[9900,6200]",PROPOSED_COORDINATION,,,,,,"P79: плановый световой замысел сохранён. Графическая отметка не определяет центр, нижний край или точку подвеса выбранного изделия.","Выбрать светильник, подтвердить потолок/подвес, оптику, монтажную точку и доступ к драйверу; выполнить светотехническую проверку.",FOR_CLIENT_REVIEW,P81/P83,70fc9095166db249416b1c905dc661427c9ec11e679262ac0b838e9de2ea0a68,,NOT_SELECTED,TBC,NOT_PROVEN,BLOCKING_TBC,"[""P84-G-P26-A-R04-WARDROBE""]","[""P84-RT-MASTER""]",COORDINATION_ONLY,,,,,,,EQUIPMENT_OR_CEILING_INTERFACE_TBC,,"{""type"":""TRACK"",""segment_xy_mm"":[[9900,5150],[9900,7050]],""graphic_z_mm"":2980,""actual_mounting_z_mm"":null}",,,,,,,,,,
P79-L09,L09,LIGHT,P26-A-R05,Мягкий рассеянный свет; независим от прикроватного,5050,5650,,ROOM_FFL_TO_LIGHT_MOUNTING_DATUM_TBC,TBC_GRAPHIC_Z_NOT_INSTALLATION_HEIGHT,,,2940,P84-FFL-P26-A-R05,P81-CEILING-P26-A-R05,CEILING_OR_SUSPENSION,,,04_documents/work-in-progress/P82/DATA/services-P80.json#/p79_ceiling_lighting/fixtures/8,P79-L09,"[5050,5650]",PROPOSED_COORDINATION,,,,,,"P79: плановый световой замысел сохранён. Графическая отметка не определяет центр, нижний край или точку подвеса выбранного изделия.","Выбрать светильник, подтвердить потолок/подвес, оптику, монтажную точку и доступ к драйверу; выполнить светотехническую проверку.",FOR_CLIENT_REVIEW,P81/P83,70fc9095166db249416b1c905dc661427c9ec11e679262ac0b838e9de2ea0a68,,NOT_SELECTED,TBC,NOT_PROVEN,BLOCKING_TBC,"[""P84-G-P26-A-R05-GENERAL""]","[""P84-RT-BED2""]",COORDINATION_ONLY,,,,,,,EQUIPMENT_OR_CEILING_INTERFACE_TBC,,"{""type"":""SURFACE"",""segment_xy_mm"":null,""graphic_z_mm"":2940,""actual_mounting_z_mm"":null}",,,,,,,,,,
P79-L10,L10,LIGHT,P26-A-R05,Освещение фасада шкафа; перепроверить открытые двери,4470,4950,,ROOM_FFL_TO_LIGHT_MOUNTING_DATUM_TBC,TBC_GRAPHIC_Z_NOT_INSTALLATION_HEIGHT,,,2980,P84-FFL-P26-A-R05,P26-A-B2W,CEILING_PARALLEL_TO_SOUTH_FRONT,,,04_documents/work-in-progress/P82/DATA/services-P80.json#/p79_ceiling_lighting/fixtures/9,P79-L10,"[6050,6200]",RELOCATED_PROPOSAL,,,,,,"P84: шкаф спальни2 находится на севере [3500,4160,1940,580]. Ось трека развернута вдоль фасада: y4950,210мм перед лицомy4740; x3650..5290. Эти отступы — новая световая примерка, не норма/подтверждённая оптика. Старый восточный трек не выдаётся как свет шкафа.","Выбрать светильник, подтвердить потолок/подвес, оптику, монтажную точку и доступ к драйверу; выполнить светотехническую проверку.",FOR_CLIENT_REVIEW,P81/P83,70fc9095166db249416b1c905dc661427c9ec11e679262ac0b838e9de2ea0a68,,NOT_SELECTED,TBC,NOT_PROVEN,BLOCKING_TBC,"[""P84-G-P26-A-R05-WARDROBE""]","[""P84-RT-BED2""]",COORDINATION_ONLY,,,,,,,EQUIPMENT_OR_CEILING_INTERFACE_TBC,,"{""type"":""TRACK"",""segment_xy_mm"":[[3650,4950],[5290,4950]],""graphic_z_mm"":2980,""actual_mounting_z_mm"":null}",,,,,,,,,,
P79-L11,L11,LIGHT,P26-A-R02,"Платформа к основанию, не к полотну; зоны/IP/проводка TBC",8400,1300,,ROOM_FFL_TO_LIGHT_MOUNTING_DATUM_TBC,TBC_GRAPHIC_Z_NOT_INSTALLATION_HEIGHT,,,2950,P84-FFL-P26-A-R02,P81-CEILING-P26-A-R02,CEILING_OR_SUSPENSION,,,04_documents/work-in-progress/P82/DATA/services-P80.json#/p79_ceiling_lighting/fixtures/10,P79-L11,"[8400,1300]",PROPOSED_COORDINATION,,,,,,"P79: плановый световой замысел сохранён. Графическая отметка не определяет центр, нижний край или точку подвеса выбранного изделия.","Выбрать светильник, подтвердить потолок/подвес, оптику, монтажную точку и доступ к драйверу; выполнить светотехническую проверку.",FOR_CLIENT_REVIEW,P81/P83,70fc9095166db249416b1c905dc661427c9ec11e679262ac0b838e9de2ea0a68,,NOT_SELECTED,TBC,NOT_PROVEN,BLOCKING_TBC,"[""P84-G-P26-A-R02-GENERAL""]","[""P84-RT-GUEST""]",COORDINATION_ONLY,,,,,,,EQUIPMENT_OR_CEILING_INTERFACE_TBC,,"{""type"":""STRETCH_SURFACE"",""segment_xy_mm"":null,""graphic_z_mm"":2950,""actual_mounting_z_mm"":null}",,,,,,,,,,
P79-L12,L12,LIGHT,P26-A-R02,"Платформа к основанию, не к полотну; зоны/IP/проводка TBC",9600,1100,,ROOM_FFL_TO_LIGHT_MOUNTING_DATUM_TBC,TBC_GRAPHIC_Z_NOT_INSTALLATION_HEIGHT,,,2950,P84-FFL-P26-A-R02,P81-CEILING-P26-A-R02,CEILING_OR_SUSPENSION,,,04_documents/work-in-progress/P82/DATA/services-P80.json#/p79_ceiling_lighting/fixtures/11,P79-L12,"[9600,1100]",PROPOSED_COORDINATION,,,,,,"P79: плановый световой замысел сохранён. Графическая отметка не определяет центр, нижний край или точку подвеса выбранного изделия.","Выбрать светильник, подтвердить потолок/подвес, оптику, монтажную точку и доступ к драйверу; выполнить светотехническую проверку.",FOR_CLIENT_REVIEW,P81/P83,70fc9095166db249416b1c905dc661427c9ec11e679262ac0b838e9de2ea0a68,,NOT_SELECTED,TBC,NOT_PROVEN,BLOCKING_TBC,"[""P84-G-P26-A-R02-GENERAL""]","[""P84-RT-GUEST""]",COORDINATION_ONLY,,,,,,,EQUIPMENT_OR_CEILING_INTERFACE_TBC,,"{""type"":""STRETCH_SURFACE"",""segment_xy_mm"":null,""graphic_z_mm"":2950,""actual_mounting_z_mm"":null}",,,,,,,,,,
P79-L13,L13,LIGHT,P26-A-R03,"Платформа к основанию, не к полотну; зоны/IP/проводка TBC",8800,3200,,ROOM_FFL_TO_LIGHT_MOUNTING_DATUM_TBC,TBC_GRAPHIC_Z_NOT_INSTALLATION_HEIGHT,,,2950,P84-FFL-P26-A-R03,P81-CEILING-P26-A-R03,CEILING_OR_SUSPENSION,,,04_documents/work-in-progress/P82/DATA/services-P80.json#/p79_ceiling_lighting/fixtures/12,P79-L13,"[8800,3200]",PROPOSED_COORDINATION,,,,,,"P79: плановый световой замысел сохранён. Графическая отметка не определяет центр, нижний край или точку подвеса выбранного изделия.","Выбрать светильник, подтвердить потолок/подвес, оптику, монтажную точку и доступ к драйверу; выполнить светотехническую проверку.",FOR_CLIENT_REVIEW,P81/P83,70fc9095166db249416b1c905dc661427c9ec11e679262ac0b838e9de2ea0a68,,NOT_SELECTED,TBC,NOT_PROVEN,BLOCKING_TBC,"[""P84-G-P26-A-R03-GENERAL""]","[""P84-RT-MASTER_BATH""]",COORDINATION_ONLY,,,,,,,EQUIPMENT_OR_CEILING_INTERFACE_TBC,,"{""type"":""STRETCH_SURFACE"",""segment_xy_mm"":null,""graphic_z_mm"":2950,""actual_mounting_z_mm"":null}",,,,,,,,,,
P79-L14,L14,LIGHT,P26-A-R03,"Платформа к основанию, не к полотну; зоны/IP/проводка TBC",10000,3200,,ROOM_FFL_TO_LIGHT_MOUNTING_DATUM_TBC,TBC_GRAPHIC_Z_NOT_INSTALLATION_HEIGHT,,,2950,P84-FFL-P26-A-R03,P81-CEILING-P26-A-R03,CEILING_OR_SUSPENSION,,,04_documents/work-in-progress/P82/DATA/services-P80.json#/p79_ceiling_lighting/fixtures/13,P79-L14,"[10000,3200]",PROPOSED_COORDINATION,,,,,,"P79: плановый световой замысел сохранён. Графическая отметка не определяет центр, нижний край или точку подвеса выбранного изделия.","Выбрать светильник, подтвердить потолок/подвес, оптику, монтажную точку и доступ к драйверу; выполнить светотехническую проверку.",FOR_CLIENT_REVIEW,P81/P83,70fc9095166db249416b1c905dc661427c9ec11e679262ac0b838e9de2ea0a68,,NOT_SELECTED,TBC,NOT_PROVEN,BLOCKING_TBC,"[""P84-G-P26-A-R03-GENERAL""]","[""P84-RT-MASTER_BATH""]",COORDINATION_ONLY,,,,,,,EQUIPMENT_OR_CEILING_INTERFACE_TBC,,"{""type"":""STRETCH_SURFACE"",""segment_xy_mm"":null,""graphic_z_mm"":2950,""actual_mounting_z_mm"":null}",,,,,,,,,,
P79-L15,L15,LIGHT,P73-LOUNGE,Подвес по оси стола; температура среды и влажность по изделию,2900,-3100,,ROOM_FFL_TO_LIGHT_MOUNTING_DATUM_TBC,TBC_GRAPHIC_Z_NOT_INSTALLATION_HEIGHT,,,2150,P84-FFL-P73-LOUNGE,P81-CEILING-P73-LOUNGE,CEILING_OR_SUSPENSION,,,04_documents/work-in-progress/P82/DATA/services-P80.json#/p79_ceiling_lighting/fixtures/14,P79-L15,"[2900,-3100]",PROPOSED_COORDINATION,,,,,,"P79: плановый световой замысел сохранён. Графическая отметка не определяет центр, нижний край или точку подвеса выбранного изделия.","Выбрать светильник, подтвердить потолок/подвес, оптику, монтажную точку и доступ к драйверу; выполнить светотехническую проверку.",FOR_CLIENT_REVIEW,P81/P83,70fc9095166db249416b1c905dc661427c9ec11e679262ac0b838e9de2ea0a68,,NOT_SELECTED,TBC,NOT_PROVEN,BLOCKING_TBC,"[""P84-G-LOUNGE-DINING""]","[""P84-RT-LOUNGE""]",COORDINATION_ONLY,,,,,,,EQUIPMENT_OR_CEILING_INTERFACE_TBC,,"{""type"":""PENDANT"",""segment_xy_mm"":null,""graphic_z_mm"":2150,""actual_mounting_z_mm"":null}",,,,,,,,,,
P79-L16,L16,LIGHT,P73-LOUNGE,Рабочая зона и мойка; не в зоне нагрева печи,5250,-1150,,ROOM_FFL_TO_LIGHT_MOUNTING_DATUM_TBC,TBC_GRAPHIC_Z_NOT_INSTALLATION_HEIGHT,,,2980,P84-FFL-P73-LOUNGE,P81-CEILING-P73-LOUNGE,CEILING_OR_SUSPENSION,,,04_documents/work-in-progress/P82/DATA/services-P80.json#/p79_ceiling_lighting/fixtures/15,P79-L16,"[5250,-1150]",PROPOSED_COORDINATION,,,,,,"P79: плановый световой замысел сохранён. Графическая отметка не определяет центр, нижний край или точку подвеса выбранного изделия.","Выбрать светильник, подтвердить потолок/подвес, оптику, монтажную точку и доступ к драйверу; выполнить светотехническую проверку.",FOR_CLIENT_REVIEW,P81/P83,70fc9095166db249416b1c905dc661427c9ec11e679262ac0b838e9de2ea0a68,,NOT_SELECTED,TBC,NOT_PROVEN,BLOCKING_TBC,"[""P84-G-LOUNGE-WORK""]","[""P84-RT-LOUNGE""]",COORDINATION_ONLY,,,,,,,EQUIPMENT_OR_CEILING_INTERFACE_TBC,,"{""type"":""TRACK"",""segment_xy_mm"":[[4400,-1150],[6150,-1150]],""graphic_z_mm"":2980,""actual_mounting_z_mm"":null}",,,,,,,,,,
P79-L17,L17,LIGHT,P73-LOUNGE,Маршрут между двумя входами,7400,-3000,,ROOM_FFL_TO_LIGHT_MOUNTING_DATUM_TBC,TBC_GRAPHIC_Z_NOT_INSTALLATION_HEIGHT,,,2980,P84-FFL-P73-LOUNGE,P81-CEILING-P73-LOUNGE,CEILING_OR_SUSPENSION,,,04_documents/work-in-progress/P82/DATA/services-P80.json#/p79_ceiling_lighting/fixtures/16,P79-L17,"[7400,-3000]",PROPOSED_COORDINATION,,,,,,"P79: плановый световой замысел сохранён. Графическая отметка не определяет центр, нижний край или точку подвеса выбранного изделия.","Выбрать светильник, подтвердить потолок/подвес, оптику, монтажную точку и доступ к драйверу; выполнить светотехническую проверку.",FOR_CLIENT_REVIEW,P81/P83,70fc9095166db249416b1c905dc661427c9ec11e679262ac0b838e9de2ea0a68,,NOT_SELECTED,TBC,NOT_PROVEN,BLOCKING_TBC,"[""P84-G-LOUNGE-PASSAGE""]","[""P84-RT-LOUNGE""]",COORDINATION_ONLY,,,,,,,EQUIPMENT_OR_CEILING_INTERFACE_TBC,,"{""type"":""TRACK"",""segment_xy_mm"":[[7400,-4100],[7400,-1900]],""graphic_z_mm"":2980,""actual_mounting_z_mm"":null}",,,,,,,,,,
P65-L-V2-01,V2-01,LIGHT,P26-A-R01,TV / мягкий свет стены,1700,7710,,ROOM_FFL_TO_CONNECTION_OR_MOUNTING_POINT_TBC,TBC,,,,P84-FFL-P26-A-R01,P26-A-TV,TV_WALL_INDIRECT,,,04_documents/work-in-progress/P82/DATA/services-P80.json#/retained_non_ceiling_luminaires/0,P65-L-V2-01,"[1700,7710]",PROPOSED_COORDINATION,,,,,,"Сохранён непотолочный слой; тело, крепление и высота выбранного светильника отсутствуют.","Уточнить изделие, оптический центр/вывод, высоту от FFL, конечную поверхность и доступ к драйверу; проверить отражения/влажность.",FOR_CLIENT_REVIEW,P81/P83,70fc9095166db249416b1c905dc661427c9ec11e679262ac0b838e9de2ea0a68,,NOT_SELECTED,TBC,NOT_PROVEN,BLOCKING_TBC,"[""P84-G-P65-L-V2""]","[""P84-RT-COMMON""]",COORDINATION_ONLY,,,,,,,EQUIPMENT_OR_CEILING_INTERFACE_TBC,,"{""type"":""TV_WALL_INDIRECT"",""segment_xy_mm"":null}",,,,,,,,,,
P65-L-H2-01,H2-01,LIGHT,P26-A-HALL,Ночной путь,7960,3380,,ROOM_FFL_TO_CONNECTION_OR_MOUNTING_POINT_TBC,TBC,,,,P84-FFL-P26-A-HALL,P48-WB01-S,WEST,940,,04_documents/work-in-progress/P82/DATA/services-P80.json#/retained_non_ceiling_luminaires/1,P65-L-H2-01,"[7440,3380]",RELOCATED_PROPOSAL,,,,,,"P84: старый LOW_WALL [7440,3380] висел в проходе. Предложена актуальная западная грань восточной стены[7960,3380], перенос+520X; согласовать по высоте со SW02. Форма/низкая отметка не назначены.","Уточнить изделие, оптический центр/вывод, высоту от FFL, конечную поверхность и доступ к драйверу; проверить отражения/влажность.",FOR_CLIENT_REVIEW,P81/P83,70fc9095166db249416b1c905dc661427c9ec11e679262ac0b838e9de2ea0a68,,NOT_SELECTED,TBC,NOT_PROVEN,BLOCKING_TBC,"[""P84-G-P65-L-H2""]","[""P84-RT-HALL""]",COORDINATION_ONLY,,,,,"[[7960,2440],[7960,3960]]",Y_SOUTH,MATCHES_P81_NOMINAL_CONTROL_FACE,FROM_P81_NOMINAL_CONTROL_FACE_START_NOT_SURVEYED_FINISH,"{""type"":""LOW_WALL"",""segment_xy_mm"":null}",,,,,,,,,,
P65-L-G2-01,G2-01,LIGHT,P26-A-R02,Гостевой: лицо у зеркала,8010,400,,ROOM_FFL_TO_CONNECTION_OR_MOUNTING_POINT_TBC,TBC,,,,P84-FFL-P26-A-R02,P69-EXT-N,SOUTH,8310,,04_documents/work-in-progress/P82/DATA/services-P80.json#/retained_non_ceiling_luminaires/2,P65-L-G2-01,"[8010,400]",PROPOSED_COORDINATION,,,,,,"Сохранён непотолочный слой; тело, крепление и высота выбранного светильника отсутствуют.","Уточнить изделие, оптический центр/вывод, высоту от FFL, конечную поверхность и доступ к драйверу; проверить отражения/влажность.",FOR_CLIENT_REVIEW,P81/P83,70fc9095166db249416b1c905dc661427c9ec11e679262ac0b838e9de2ea0a68,,NOT_SELECTED,TBC,NOT_PROVEN,BLOCKING_TBC,"[""P84-G-P65-L-G2""]","[""P84-RT-GUEST""]",COORDINATION_ONLY,,,,,"[[-300,400],[11260,400]]",X_EAST,MATCHES_P81_NOMINAL_CONTROL_FACE,FROM_P81_NOMINAL_CONTROL_FACE_START_NOT_SURVEYED_FINISH,"{""type"":""MIRROR_SIDES"",""segment_xy_mm"":null}",,,,,,,,,,
P65-L-G2-02,G2-02,LIGHT,P26-A-R02,Гостевой: лицо у зеркала,8610,400,,ROOM_FFL_TO_CONNECTION_OR_MOUNTING_POINT_TBC,TBC,,,,P84-FFL-P26-A-R02,P69-EXT-N,SOUTH,8910,,04_documents/work-in-progress/P82/DATA/services-P80.json#/retained_non_ceiling_luminaires/3,P65-L-G2-02,"[8610,400]",PROPOSED_COORDINATION,,,,,,"Сохранён непотолочный слой; тело, крепление и высота выбранного светильника отсутствуют.","Уточнить изделие, оптический центр/вывод, высоту от FFL, конечную поверхность и доступ к драйверу; проверить отражения/влажность.",FOR_CLIENT_REVIEW,P81/P83,70fc9095166db249416b1c905dc661427c9ec11e679262ac0b838e9de2ea0a68,,NOT_SELECTED,TBC,NOT_PROVEN,BLOCKING_TBC,"[""P84-G-P65-L-G2""]","[""P84-RT-GUEST""]",COORDINATION_ONLY,,,,,"[[-300,400],[11260,400]]",X_EAST,MATCHES_P81_NOMINAL_CONTROL_FACE,FROM_P81_NOMINAL_CONTROL_FACE_START_NOT_SURVEYED_FINISH,"{""type"":""MIRROR_SIDES"",""segment_xy_mm"":null}",,,,,,,,,,
P65-L-M2-01,M2-01,LIGHT,P26-A-R03,Мастер С/У: зеркало,9190,2440,,ROOM_FFL_TO_CONNECTION_OR_MOUNTING_POINT_TBC,TBC,,,,P84-FFL-P26-A-R03,P44-P04,SOUTH,1030,,04_documents/work-in-progress/P82/DATA/services-P80.json#/retained_non_ceiling_luminaires/4,P65-L-M2-01,"[9190,2440]",PROPOSED_COORDINATION,,,,,,"Сохранён непотолочный слой; тело, крепление и высота выбранного светильника отсутствуют.","Уточнить изделие, оптический центр/вывод, высоту от FFL, конечную поверхность и доступ к драйверу; проверить отражения/влажность.",FOR_CLIENT_REVIEW,P81/P83,70fc9095166db249416b1c905dc661427c9ec11e679262ac0b838e9de2ea0a68,,NOT_SELECTED,TBC,NOT_PROVEN,BLOCKING_TBC,"[""P84-G-P65-L-M2""]","[""P84-RT-MASTER_BATH""]",COORDINATION_ONLY,,,,,"[[8160,2440],[10860,2440]]",X_EAST,MATCHES_P81_NOMINAL_CONTROL_FACE,FROM_P81_NOMINAL_CONTROL_FACE_START_NOT_SURVEYED_FINISH,"{""type"":""MIRROR_SIDES"",""segment_xy_mm"":null}",,,,,,,,,,
P65-L-M2-02,M2-02,LIGHT,P26-A-R03,Мастер С/У: зеркало,10030,2440,,ROOM_FFL_TO_CONNECTION_OR_MOUNTING_POINT_TBC,TBC,,,,P84-FFL-P26-A-R03,P44-P04,SOUTH,1870,,04_documents/work-in-progress/P82/DATA/services-P80.json#/retained_non_ceiling_luminaires/5,P65-L-M2-02,"[10030,2440]",PROPOSED_COORDINATION,,,,,,"Сохранён непотолочный слой; тело, крепление и высота выбранного светильника отсутствуют.","Уточнить изделие, оптический центр/вывод, высоту от FFL, конечную поверхность и доступ к драйверу; проверить отражения/влажность.",FOR_CLIENT_REVIEW,P81/P83,70fc9095166db249416b1c905dc661427c9ec11e679262ac0b838e9de2ea0a68,,NOT_SELECTED,TBC,NOT_PROVEN,BLOCKING_TBC,"[""P84-G-P65-L-M2""]","[""P84-RT-MASTER_BATH""]",COORDINATION_ONLY,,,,,"[[8160,2440],[10860,2440]]",X_EAST,MATCHES_P81_NOMINAL_CONTROL_FACE,FROM_P81_NOMINAL_CONTROL_FACE_START_NOT_SURVEYED_FINISH,"{""type"":""MIRROR_SIDES"",""segment_xy_mm"":null}",,,,,,,,,,
P65-L-B2-01,B2-01,LIGHT,P26-A-R04,Чтение: северная сторона,6800,4985,,ROOM_FFL_TO_CONNECTION_OR_MOUNTING_POINT_TBC,TBC,,,,P84-FFL-P26-A-R04,P44-P03,EAST,825,,04_documents/work-in-progress/P82/DATA/services-P80.json#/retained_non_ceiling_luminaires/6,P65-L-B2-01,"[6800,4985]",PROPOSED_COORDINATION,,,,,,"Сохранён непотолочный слой; тело, крепление и высота выбранного светильника отсутствуют.","Уточнить изделие, оптический центр/вывод, высоту от FFL, конечную поверхность и доступ к драйверу; проверить отражения/влажность.",FOR_CLIENT_REVIEW,P81/P83,70fc9095166db249416b1c905dc661427c9ec11e679262ac0b838e9de2ea0a68,,NOT_SELECTED,TBC,NOT_PROVEN,BLOCKING_TBC,"[""P84-G-P65-L-B2""]","[""P84-RT-MASTER""]",COORDINATION_ONLY,,,,,"[[6800,4160],[6800,7760]]",Y_SOUTH,MATCHES_P81_NOMINAL_CONTROL_FACE,FROM_P81_NOMINAL_CONTROL_FACE_START_NOT_SURVEYED_FINISH,"{""type"":""HEADBOARD_READING"",""segment_xy_mm"":null}",,,,,,,,,,
P65-L-B3-01,B3-01,LIGHT,P26-A-R04,Чтение: южная сторона,6800,7335,,ROOM_FFL_TO_CONNECTION_OR_MOUNTING_POINT_TBC,TBC,,,,P84-FFL-P26-A-R04,P44-P03,EAST,3175,,04_documents/work-in-progress/P82/DATA/services-P80.json#/retained_non_ceiling_luminaires/7,P65-L-B3-01,"[6800,7335]",PROPOSED_COORDINATION,,,,,,"Сохранён непотолочный слой; тело, крепление и высота выбранного светильника отсутствуют.","Уточнить изделие, оптический центр/вывод, высоту от FFL, конечную поверхность и доступ к драйверу; проверить отражения/влажность.",FOR_CLIENT_REVIEW,P81/P83,70fc9095166db249416b1c905dc661427c9ec11e679262ac0b838e9de2ea0a68,,NOT_SELECTED,TBC,NOT_PROVEN,BLOCKING_TBC,"[""P84-G-P65-L-B3""]","[""P84-RT-MASTER""]",COORDINATION_ONLY,,,,,"[[6800,4160],[6800,7760]]",Y_SOUTH,MATCHES_P81_NOMINAL_CONTROL_FACE,FROM_P81_NOMINAL_CONTROL_FACE_START_NOT_SURVEYED_FINISH,"{""type"":""HEADBOARD_READING"",""segment_xy_mm"":null}",,,,,,,,,,
P65-L-B4-01,B4-01,LIGHT,P26-A-R04,Ночной путь у кровати,9000,6160,,ROOM_FFL_TO_CONNECTION_OR_MOUNTING_POINT_TBC,TBC,,,,P84-FFL-P26-A-R04,P26-A-MBED,BED_LOW_INDIRECT,,,04_documents/work-in-progress/P82/DATA/services-P80.json#/retained_non_ceiling_luminaires/8,P65-L-B4-01,"[9000,6160]",PROPOSED_COORDINATION,,,,,,"Сохранён непотолочный слой; тело, крепление и высота выбранного светильника отсутствуют.","Уточнить изделие, оптический центр/вывод, высоту от FFL, конечную поверхность и доступ к драйверу; проверить отражения/влажность.",FOR_CLIENT_REVIEW,P81/P83,70fc9095166db249416b1c905dc661427c9ec11e679262ac0b838e9de2ea0a68,,NOT_SELECTED,TBC,NOT_PROVEN,BLOCKING_TBC,"[""P84-G-P65-L-B4""]","[""P84-RT-MASTER""]",COORDINATION_ONLY,,,,,,,EQUIPMENT_OR_CEILING_INTERFACE_TBC,,"{""type"":""BED_LOW_INDIRECT"",""segment_xy_mm"":null}",,,,,,,,,,
P65-L-C2-01,C2-01,LIGHT,P26-A-R05,Чтение: северная сторона,3500,4985,,ROOM_FFL_TO_CONNECTION_OR_MOUNTING_POINT_TBC,TBC,,,,P84-FFL-P26-A-R05,P44-P02,EAST,1025,,04_documents/work-in-progress/P82/DATA/services-P80.json#/retained_non_ceiling_luminaires/9,P65-L-C2-01,"[3500,4985]",PROPOSED_COORDINATION,,,,,,"Сохранён непотолочный слой; тело, крепление и высота выбранного светильника отсутствуют.","Уточнить изделие, оптический центр/вывод, высоту от FFL, конечную поверхность и доступ к драйверу; проверить отражения/влажность.",FOR_CLIENT_REVIEW,P81/P83,70fc9095166db249416b1c905dc661427c9ec11e679262ac0b838e9de2ea0a68,,NOT_SELECTED,TBC,NOT_PROVEN,BLOCKING_TBC,"[""P84-G-P65-L-C2""]","[""P84-RT-BED2""]",COORDINATION_ONLY,,,,,"[[3500,3960],[3500,7760]]",Y_SOUTH,MATCHES_P81_NOMINAL_CONTROL_FACE,FROM_P81_NOMINAL_CONTROL_FACE_START_NOT_SURVEYED_FINISH,"{""type"":""HEADBOARD_READING"",""segment_xy_mm"":null}",,,,,,,,,,
P65-L-C3-01,C3-01,LIGHT,P26-A-R05,Чтение: южная сторона,3500,7335,,ROOM_FFL_TO_CONNECTION_OR_MOUNTING_POINT_TBC,TBC,,,,P84-FFL-P26-A-R05,P44-P02,EAST,3375,,04_documents/work-in-progress/P82/DATA/services-P80.json#/retained_non_ceiling_luminaires/10,P65-L-C3-01,"[3500,7335]",PROPOSED_COORDINATION,,,,,,"Сохранён непотолочный слой; тело, крепление и высота выбранного светильника отсутствуют.","Уточнить изделие, оптический центр/вывод, высоту от FFL, конечную поверхность и доступ к драйверу; проверить отражения/влажность.",FOR_CLIENT_REVIEW,P81/P83,70fc9095166db249416b1c905dc661427c9ec11e679262ac0b838e9de2ea0a68,,NOT_SELECTED,TBC,NOT_PROVEN,BLOCKING_TBC,"[""P84-G-P65-L-C3""]","[""P84-RT-BED2""]",COORDINATION_ONLY,,,,,"[[3500,3960],[3500,7760]]",Y_SOUTH,MATCHES_P81_NOMINAL_CONTROL_FACE,FROM_P81_NOMINAL_CONTROL_FACE_START_NOT_SURVEYED_FINISH,"{""type"":""HEADBOARD_READING"",""segment_xy_mm"":null}",,,,,,,,,,
P65-L-C4-01,C4-01,LIGHT,P26-A-R05,Ночной путь у кровати,5700,6160,,ROOM_FFL_TO_CONNECTION_OR_MOUNTING_POINT_TBC,TBC,,,,P84-FFL-P26-A-R05,P26-A-B2BED,BED_LOW_INDIRECT,,,04_documents/work-in-progress/P82/DATA/services-P80.json#/retained_non_ceiling_luminaires/11,P65-L-C4-01,"[5700,6160]",PROPOSED_COORDINATION,,,,,,"Сохранён непотолочный слой; тело, крепление и высота выбранного светильника отсутствуют.","Уточнить изделие, оптический центр/вывод, высоту от FFL, конечную поверхность и доступ к драйверу; проверить отражения/влажность.",FOR_CLIENT_REVIEW,P81/P83,70fc9095166db249416b1c905dc661427c9ec11e679262ac0b838e9de2ea0a68,,NOT_SELECTED,TBC,NOT_PROVEN,BLOCKING_TBC,"[""P84-G-P65-L-C4""]","[""P84-RT-BED2""]",COORDINATION_ONLY,,,,,,,EQUIPMENT_OR_CEILING_INTERFACE_TBC,,"{""type"":""BED_LOW_INDIRECT"",""segment_xy_mm"":null}",,,,,,,,,,
P65-L-E1-01,E1-01,LIGHT,P65-EXTERIOR,Западная терраса: путь,-1800,1800,,ROOM_FFL_TO_CONNECTION_OR_MOUNTING_POINT_TBC,TBC,,,,P84-FFL-P65-EXTERIOR,,SOFFIT_SHIELDED,,,04_documents/work-in-progress/P82/DATA/services-P80.json#/retained_non_ceiling_luminaires/12,P65-L-E1-01,"[-1800,1800]",PROPOSED_COORDINATION,,,,,,"Сохранён непотолочный слой; тело, крепление и высота выбранного светильника отсутствуют.","Уточнить изделие, оптический центр/вывод, высоту от FFL, конечную поверхность и доступ к драйверу; проверить отражения/влажность.",FOR_CLIENT_REVIEW,P81/P83,70fc9095166db249416b1c905dc661427c9ec11e679262ac0b838e9de2ea0a68,,NOT_SELECTED,TBC,NOT_PROVEN,BLOCKING_TBC,"[""P84-G-P65-L-E1""]","[""P84-RT-EXTERIOR""]",COORDINATION_ONLY,,,,,,,EQUIPMENT_OR_CEILING_INTERFACE_TBC,,"{""type"":""SOFFIT_SHIELDED"",""segment_xy_mm"":null}",,,,,,,,,,
P65-L-E1-02,E1-02,LIGHT,P65-EXTERIOR,Западная терраса: путь,-1800,5900,,ROOM_FFL_TO_CONNECTION_OR_MOUNTING_POINT_TBC,TBC,,,,P84-FFL-P65-EXTERIOR,,SOFFIT_SHIELDED,,,04_documents/work-in-progress/P82/DATA/services-P80.json#/retained_non_ceiling_luminaires/13,P65-L-E1-02,"[-1800,5900]",PROPOSED_COORDINATION,,,,,,"Сохранён непотолочный слой; тело, крепление и высота выбранного светильника отсутствуют.","Уточнить изделие, оптический центр/вывод, высоту от FFL, конечную поверхность и доступ к драйверу; проверить отражения/влажность.",FOR_CLIENT_REVIEW,P81/P83,70fc9095166db249416b1c905dc661427c9ec11e679262ac0b838e9de2ea0a68,,NOT_SELECTED,TBC,NOT_PROVEN,BLOCKING_TBC,"[""P84-G-P65-L-E1""]","[""P84-RT-EXTERIOR""]",COORDINATION_ONLY,,,,,,,EQUIPMENT_OR_CEILING_INTERFACE_TBC,,"{""type"":""SOFFIT_SHIELDED"",""segment_xy_mm"":null}",,,,,,,,,,
P65-L-E2-01,E2-01,LIGHT,P65-EXTERIOR,Западный выход лаундж,-700,-1200,,ROOM_FFL_TO_CONNECTION_OR_MOUNTING_POINT_TBC,TBC,,,,P84-FFL-P65-EXTERIOR,,CANOPY_SHIELDED,,,04_documents/work-in-progress/P82/DATA/services-P80.json#/retained_non_ceiling_luminaires/14,P65-L-E2-01,"[-700,-1200]",PROPOSED_COORDINATION,,,,,,"Сохранён непотолочный слой; тело, крепление и высота выбранного светильника отсутствуют.","Уточнить изделие, оптический центр/вывод, высоту от FFL, конечную поверхность и доступ к драйверу; проверить отражения/влажность.",FOR_CLIENT_REVIEW,P81/P83,70fc9095166db249416b1c905dc661427c9ec11e679262ac0b838e9de2ea0a68,,NOT_SELECTED,TBC,NOT_PROVEN,BLOCKING_TBC,"[""P84-G-P65-L-E2""]","[""P84-RT-EXTERIOR""]",COORDINATION_ONLY,,,,,,,EQUIPMENT_OR_CEILING_INTERFACE_TBC,,"{""type"":""CANOPY_SHIELDED"",""segment_xy_mm"":null}",,,,,,,,,,
P84-E-BOARD,E-DB,INTERFACE,P26-A-HALL,Щит: положение и доступ TBC,,,,ROOM_FFL_TO_CONNECTION_OR_MOUNTING_POINT_TBC,TBC,,,,P84-FFL-P26-A-HALL,P49-HALL-LINEN-01,TBC,,,04_documents/work-in-progress/P82/DATA/services-P80.json#/power_interfaces/19,SRC-DBR-104,,LOCATION_TBC,,,,,,"Новая строка полноты P84 по существующей потребности; количество оборудования, нагрузка, XY и монтажная высота не выдуманы.","Проверить возможность щита в техническом шкафу; определить размер, доступ, отделение ICT и тепловыделение. Центр щита не назначен.",FOR_CLIENT_REVIEW,P81/P83,70fc9095166db249416b1c905dc661427c9ec11e679262ac0b838e9de2ea0a68,,NOT_SELECTED,TBC,NOT_PROVEN,BLOCKING_TBC,[],"[""P84-RT-HALL""]",COORDINATION_ONLY,,,,,,,EQUIPMENT_OR_CEILING_INTERFACE_TBC,,,,,,,,,#/power_interfaces/19,EXTENDS_P65-P-20_SCOPE_NOT_SECOND_BOARD,,
P84-E-UFH-HUB,E-UFH,INTERFACE,P26-A-R02,UFH: коллектор/приводы/контроллер — электрический интерфейс,,,,ROOM_FFL_TO_CONNECTION_OR_MOUNTING_POINT_TBC,TBC,,,,P84-FFL-P26-A-R02,,TBC,,,02_model/proposals/P83/p83-heating-intent.json#/controls,SRC-DBR-104,,LOCATION_TBC,,,,,,"Новая строка полноты P84 по существующей потребности; количество оборудования, нагрузка, XY и монтажная высота не выдуманы.","HVAC выбирает коллектор, контроллер и привод; электрик получает перечень питания/управления, размещение и нагрузки.",FOR_CLIENT_REVIEW,P81/P83,70fc9095166db249416b1c905dc661427c9ec11e679262ac0b838e9de2ea0a68,,NOT_SELECTED,TBC,NOT_PROVEN,BLOCKING_TBC,[],"[""P84-RT-GUEST""]",COORDINATION_ONLY,,,,,,,EQUIPMENT_OR_CEILING_INTERFACE_TBC,,,,,,,,,#/controls,,,
P84-E-VENT,E-VENT,INTERFACE,P26-A-R02,Вентиляция: питание/управление и сервисные выключатели TBC,,,,ROOM_FFL_TO_CONNECTION_OR_MOUNTING_POINT_TBC,TBC,,,,P84-FFL-P26-A-R02,,TBC,,,04_documents/work-in-progress/P82/DATA/services-P80.json#/scope_limits_ru,SRC-DBR-104,,LOCATION_TBC,,,,,,"Новая строка полноты P84 по существующей потребности; количество оборудования, нагрузка, XY и монтажная высота не выдуманы.","Получить схему вентиляции и перечень агрегатов; помещение и количество здесь лишь unresolved interface, агрегат не выбран.",FOR_CLIENT_REVIEW,P81/P83,70fc9095166db249416b1c905dc661427c9ec11e679262ac0b838e9de2ea0a68,,NOT_SELECTED,TBC,NOT_PROVEN,BLOCKING_TBC,[],"[""P84-RT-GUEST""]",COORDINATION_ONLY,,,,,,,EQUIPMENT_OR_CEILING_INTERFACE_TBC,,,,,,,,,#/scope_limits_ru,,,
P84-E-CONVECTOR,E-CONV,INTERFACE,P26-A-R01,Конвектор W01: условный интерфейс вентилятора/управления,,,,ROOM_FFL_TO_CONNECTION_OR_MOUNTING_POINT_TBC,TBC,,,,P84-FFL-P26-A-R01,,TBC,,,02_model/proposals/P83/p83-heating-intent.json#/living_options/1,SRC-DBR-104,,LOCATION_TBC,,,,,,"Новая строка полноты P84 по существующей потребности; количество оборудования, нагрузка, XY и монтажная высота не выдуманы.","Только если выбран вентиляторный конвектор; определить наличие питания, драйвера и контроля по изделию. Безвентиляторный гидравлический прибор не считать нагрузкой.",FOR_CLIENT_REVIEW,P81/P83,70fc9095166db249416b1c905dc661427c9ec11e679262ac0b838e9de2ea0a68,,NOT_SELECTED,TBC,NOT_PROVEN,BLOCKING_TBC,[],"[""P84-RT-COMMON""]",COORDINATION_ONLY,,,,,,,EQUIPMENT_OR_CEILING_INTERFACE_TBC,,,,,,,,,#/living_options/1,,,
P84-E-COVE-DRIVER,E-DRV,INTERFACE,P26-A-R01,Карниз: доступное место драйвера/контроллера TBC,,,,ROOM_FFL_TO_CONNECTION_OR_MOUNTING_POINT_TBC,TBC,,,,P84-FFL-P26-A-R01,,TBC,,,04_documents/work-in-progress/P82/DATA/services-P80.json#/p79_ceiling_lighting/driver_access,SRC-DBR-104,,LOCATION_TBC,,,,,,"Новая строка полноты P84 по существующей потребности; количество оборудования, нагрузка, XY и монтажная высота не выдуманы.","Определить доступную сухую сервисную нишу, длины линий и температурные условия; не замуровывать драйвер.",FOR_CLIENT_REVIEW,P81/P83,70fc9095166db249416b1c905dc661427c9ec11e679262ac0b838e9de2ea0a68,,NOT_SELECTED,TBC,NOT_PROVEN,BLOCKING_TBC,[],"[""P84-RT-COMMON""]",COORDINATION_ONLY,,,,,,,EQUIPMENT_OR_CEILING_INTERFACE_TBC,,,,,,,,,#/p79_ceiling_lighting/driver_access,,,
P84-E-LOUNGE-FROST,E-FRST,INTERFACE,P73-LOUNGE,Лаундж: интерфейс зимнего режима/защиты от замерзания TBC,,,,ROOM_FFL_TO_CONNECTION_OR_MOUNTING_POINT_TBC,TBC,,,,P84-FFL-P73-LOUNGE,,TBC,,,02_model/proposals/P83/p83-heating-intent.json#/lounge,SRC-DBR-104,,LOCATION_TBC,,,,,,"Новая строка полноты P84 по существующей потребности; количество оборудования, нагрузка, XY и монтажная высота не выдуманы.",HVAC/plumbing определяют сезонный режим воды и отопления; затем перечень необходимых непрерывных питаний/датчиков.,FOR_CLIENT_REVIEW,P81/P83,70fc9095166db249416b1c905dc661427c9ec11e679262ac0b838e9de2ea0a68,,NOT_SELECTED,TBC,NOT_PROVEN,BLOCKING_TBC,[],"[""P84-RT-LOUNGE""]",COORDINATION_ONLY,,,,,,,EQUIPMENT_OR_CEILING_INTERFACE_TBC,,,,,,,,,#/lounge,,,
P84-E-STAT-R01,T-R01,INTERFACE,P26-A-R01,Комнатный контроль КУХНЯ–СТОЛОВАЯ–ГОСТИНАЯ / ЗАКАТ,,,,ROOM_FFL_TO_CONNECTION_OR_MOUNTING_POINT_TBC,TBC,,,,P84-FFL-P26-A-R01,,TBC,,,02_model/proposals/P83/p83-heating-intent.json#/zones/0,SRC-DBR-104,,LOCATION_TBC,,,,,,"Новая строка полноты P84 по существующей потребности; количество оборудования, нагрузка, XY и монтажная высота не выдуманы.","HVAC и automation определяют термостат/датчики, управляемую зону, проводной протокол, поверхность и высоту. Избежать воздействия солнца, окон, дверей и локального нагрева; размер/отступ не назначен.",FOR_CLIENT_REVIEW,P81/P83,70fc9095166db249416b1c905dc661427c9ec11e679262ac0b838e9de2ea0a68,,NOT_SELECTED,TBC,NOT_PROVEN,BLOCKING_TBC,[],"[""P84-RT-COMMON""]",COORDINATION_ONLY,,,,,,,EQUIPMENT_OR_CEILING_INTERFACE_TBC,,,,,,,,,#/zones/0,,,
P84-E-STAT-HALL,T-HALL,INTERFACE,P26-A-HALL,Комнатный контроль ПРИХОЖАЯ / ХРАНЕНИЕ,,,,ROOM_FFL_TO_CONNECTION_OR_MOUNTING_POINT_TBC,TBC,,,,P84-FFL-P26-A-HALL,,TBC,,,02_model/proposals/P83/p83-heating-intent.json#/zones/1,SRC-DBR-104,,LOCATION_TBC,,,,,,"Новая строка полноты P84 по существующей потребности; количество оборудования, нагрузка, XY и монтажная высота не выдуманы.","HVAC и automation определяют термостат/датчики, управляемую зону, проводной протокол, поверхность и высоту. Избежать воздействия солнца, окон, дверей и локального нагрева; размер/отступ не назначен.",FOR_CLIENT_REVIEW,P81/P83,70fc9095166db249416b1c905dc661427c9ec11e679262ac0b838e9de2ea0a68,,NOT_SELECTED,TBC,NOT_PROVEN,BLOCKING_TBC,[],"[""P84-RT-HALL""]",COORDINATION_ONLY,,,,,,,EQUIPMENT_OR_CEILING_INTERFACE_TBC,,,,,,,,,#/zones/1,,,
P84-E-STAT-R02,T-R02,INTERFACE,P26-A-R02,Комнатный контроль ГОСТЕВОЙ С/У + PLANT / ПОСТИРОЧНАЯ,,,,ROOM_FFL_TO_CONNECTION_OR_MOUNTING_POINT_TBC,TBC,,,,P84-FFL-P26-A-R02,,TBC,,,02_model/proposals/P83/p83-heating-intent.json#/zones/2,SRC-DBR-104,,LOCATION_TBC,,,,,,"Новая строка полноты P84 по существующей потребности; количество оборудования, нагрузка, XY и монтажная высота не выдуманы.","HVAC и automation определяют термостат/датчики, управляемую зону, проводной протокол, поверхность и высоту. Избежать воздействия солнца, окон, дверей и локального нагрева; размер/отступ не назначен.",FOR_CLIENT_REVIEW,P81/P83,70fc9095166db249416b1c905dc661427c9ec11e679262ac0b838e9de2ea0a68,,NOT_SELECTED,TBC,NOT_PROVEN,BLOCKING_TBC,[],"[""P84-RT-GUEST""]",COORDINATION_ONLY,,,,,,,EQUIPMENT_OR_CEILING_INTERFACE_TBC,,,,,,,,,#/zones/2,,,
P84-E-STAT-R03,T-R03,INTERFACE,P26-A-R03,Комнатный контроль ХОЗЯЙСКИЙ С/У,,,,ROOM_FFL_TO_CONNECTION_OR_MOUNTING_POINT_TBC,TBC,,,,P84-FFL-P26-A-R03,,TBC,,,02_model/proposals/P83/p83-heating-intent.json#/zones/3,SRC-DBR-104,,LOCATION_TBC,,,,,,"Новая строка полноты P84 по существующей потребности; количество оборудования, нагрузка, XY и монтажная высота не выдуманы.","HVAC и automation определяют термостат/датчики, управляемую зону, проводной протокол, поверхность и высоту. Избежать воздействия солнца, окон, дверей и локального нагрева; размер/отступ не назначен.",FOR_CLIENT_REVIEW,P81/P83,70fc9095166db249416b1c905dc661427c9ec11e679262ac0b838e9de2ea0a68,,NOT_SELECTED,TBC,NOT_PROVEN,BLOCKING_TBC,[],"[""P84-RT-MASTER_BATH""]",COORDINATION_ONLY,,,,,,,EQUIPMENT_OR_CEILING_INTERFACE_TBC,,,,,,,,,#/zones/3,,,
P84-E-STAT-R04,T-R04,INTERFACE,P26-A-R04,Комнатный контроль ХОЗЯЙСКАЯ СПАЛЬНЯ,,,,ROOM_FFL_TO_CONNECTION_OR_MOUNTING_POINT_TBC,TBC,,,,P84-FFL-P26-A-R04,,TBC,,,02_model/proposals/P83/p83-heating-intent.json#/zones/4,SRC-DBR-104,,LOCATION_TBC,,,,,,"Новая строка полноты P84 по существующей потребности; количество оборудования, нагрузка, XY и монтажная высота не выдуманы.","HVAC и automation определяют термостат/датчики, управляемую зону, проводной протокол, поверхность и высоту. Избежать воздействия солнца, окон, дверей и локального нагрева; размер/отступ не назначен.",FOR_CLIENT_REVIEW,P81/P83,70fc9095166db249416b1c905dc661427c9ec11e679262ac0b838e9de2ea0a68,,NOT_SELECTED,TBC,NOT_PROVEN,BLOCKING_TBC,[],"[""P84-RT-MASTER""]",COORDINATION_ONLY,,,,,,,EQUIPMENT_OR_CEILING_INTERFACE_TBC,,,,,,,,,#/zones/4,,,
P84-E-STAT-R05,T-R05,INTERFACE,P26-A-R05,Комнатный контроль СПАЛЬНЯ 2 / ГОСТЕВАЯ,,,,ROOM_FFL_TO_CONNECTION_OR_MOUNTING_POINT_TBC,TBC,,,,P84-FFL-P26-A-R05,,TBC,,,02_model/proposals/P83/p83-heating-intent.json#/zones/5,SRC-DBR-104,,LOCATION_TBC,,,,,,"Новая строка полноты P84 по существующей потребности; количество оборудования, нагрузка, XY и монтажная высота не выдуманы.","HVAC и automation определяют термостат/датчики, управляемую зону, проводной протокол, поверхность и высоту. Избежать воздействия солнца, окон, дверей и локального нагрева; размер/отступ не назначен.",FOR_CLIENT_REVIEW,P81/P83,70fc9095166db249416b1c905dc661427c9ec11e679262ac0b838e9de2ea0a68,,NOT_SELECTED,TBC,NOT_PROVEN,BLOCKING_TBC,[],"[""P84-RT-BED2""]",COORDINATION_ONLY,,,,,,,EQUIPMENT_OR_CEILING_INTERFACE_TBC,,,,,,,,,#/zones/5,,,
H65-AIR,H65-AIR,INTERFACE,P73-LOUNGE,Лаундж: воздушный датчик/термостат,,,,ROOM_FFL_TO_CONNECTION_OR_MOUNTING_POINT_TBC,TBC,,,,P84-FFL-P73-LOUNGE,LOUNGE_EAST_OPAQUE,TBC,,,04_documents/work-in-progress/P82/DATA/services-P80.json#/heating/points/0,H65-AIR,,LOCATION_TBC,,,,,,"Сохранён ранее существовавший интерфейс HVAC/automation, не новый electrical-owned датчик. Монтажная точка не выбрана. Исходный candidate[8350,-2000,1400] расположен50мм от стеныX8400: это graphic marker, не плоскость механизма;1400мм не принято как монтажная высота.","HVAC/automation подтверждают потребность, датчик/контроллер, питание, кабель связи, среду и обслуживаемый host; электрик координирует только электрическую часть.",FOR_CLIENT_REVIEW,P81/P83,70fc9095166db249416b1c905dc661427c9ec11e679262ac0b838e9de2ea0a68,,NOT_SELECTED,TBC,NOT_PROVEN,BLOCKING_TBC,[],"[""P84-RT-LOUNGE""]",COORDINATION_ONLY,,LOCATION_INTENT_ENVIRONMENT_RANGE_AND_PRODUCT_TBC,,,,,EQUIPMENT_OR_CEILING_INTERFACE_TBC,,,,,,,,,,,"[8350,-2000,1400]",HVAC_AND_LOW_VOLTAGE
H65-FLOOR,H65-FLOOR,INTERFACE,P73-LOUNGE,Лаундж: сменный датчик температуры пола,,,,ROOM_FFL_TO_CONNECTION_OR_MOUNTING_POINT_TBC,TBC,,,,P84-FFL-P73-LOUNGE,,TBC,,,04_documents/work-in-progress/P82/DATA/services-P80.json#/heating/points/1,H65-FLOOR,,LOCATION_TBC,,,,,,"Сохранён ранее существовавший интерфейс HVAC/automation, не новый electrical-owned датчик. Монтажная точка не выбрана. Исходный candidate[7350,-2300,0]:0 обозначает графический FFL, не глубину закладки. Сменная гильза и положение относительно трубы TBC.","HVAC/automation подтверждают потребность, датчик/контроллер, питание, кабель связи, среду и обслуживаемый host; электрик координирует только электрическую часть.",FOR_CLIENT_REVIEW,P81/P83,70fc9095166db249416b1c905dc661427c9ec11e679262ac0b838e9de2ea0a68,,NOT_SELECTED,TBC,NOT_PROVEN,BLOCKING_TBC,[],"[""P84-RT-LOUNGE""]",COORDINATION_ONLY,,CONCEPT_NOT_EMBEDDING_DETAIL,,,,,EQUIPMENT_OR_CEILING_INTERFACE_TBC,,,,,,,,,,,"[7350,-2300,0]",HVAC_AND_LOW_VOLTAGE
H65-COLD,H65-COLD,INTERFACE,P73-LOUNGE,Опциональный датчик холодного участка/обратки,,,,ROOM_FFL_TO_CONNECTION_OR_MOUNTING_POINT_TBC,TBC,,,,P84-FFL-P73-LOUNGE,,TBC,,,04_documents/work-in-progress/P82/DATA/services-P80.json#/heating/points/2,H65-COLD,,LOCATION_TBC,,,,,,"Сохранён ранее существовавший интерфейс HVAC/automation, не новый electrical-owned датчик. Монтажная точка не выбрана.","HVAC/automation подтверждают потребность, датчик/контроллер, питание, кабель связи, среду и обслуживаемый host; электрик координирует только электрическую часть.",FOR_CLIENT_REVIEW,P81/P83,70fc9095166db249416b1c905dc661427c9ec11e679262ac0b838e9de2ea0a68,,NOT_SELECTED,TBC,NOT_PROVEN,BLOCKING_TBC,[],"[""P84-RT-LOUNGE""]",COORDINATION_ONLY,,LOCATION_TBC,,,,,EQUIPMENT_OR_CEILING_INTERFACE_TBC,,,,,,,,,,,,HVAC_AND_LOW_VOLTAGE
H65-GATE,H65-GATE,INTERFACE,P26-A-R02,Локальный контроллер и удалённый gateway,,,,ROOM_FFL_TO_CONNECTION_OR_MOUNTING_POINT_TBC,TBC,,,,P84-FFL-P26-A-R02,,TBC,,,04_documents/work-in-progress/P82/DATA/services-P80.json#/heating/points/3,H65-GATE,,LOCATION_TBC,,,,,,"Сохранён ранее существовавший интерфейс HVAC/automation, не новый electrical-owned датчик. Монтажная точка не выбрана. Комната plant здесь указатель задания; тёплое обслуживаемое место и расположение gateway фактически не выбраны.","HVAC/automation подтверждают потребность, датчик/контроллер, питание, кабель связи, среду и обслуживаемый host; электрик координирует только электрическую часть.",FOR_CLIENT_REVIEW,P81/P83,70fc9095166db249416b1c905dc661427c9ec11e679262ac0b838e9de2ea0a68,,NOT_SELECTED,TBC,NOT_PROVEN,BLOCKING_TBC,[],"[""P84-RT-GUEST""]",COORDINATION_ONLY,,SPACE_POWER_NETWORK_TBC,,,,,EQUIPMENT_OR_CEILING_INTERFACE_TBC,,,,,,,,,,,,HVAC_AND_LOW_VOLTAGE
