ID,Зона,Между чем,Размер_мм,Примечание
K1,home,Рабочий проход: мойка — остров,900,
K2,home,Остров — холодильник / рабочая линия,900,
K3,home,Остров — южная перегородка,1010,
K4,home,Стол — корпус барного стула,600,Только корпуса; сидящий у острова человек уменьшает промежуток.
K5,home,Торец стола — западное остекление,700,
K6,home,Задняя грань стула — диван,860,Стул в исходной позиции. При отодвигании на 300 мм остаётся 560 мм.
L1,home,Диван — шкаф справа,450,
L2,home,Остекление — диван слева,750,
L3,home,Диван — журнальный стол,400,
L4,home,Журнальный стол — ТВ-тумба,900,
H1,home,Шкаф прихожей — восточная стена,900,При закрытых фасадах.
H2,home,Нижний участок прихожей между шкафами,900,
B1,home,Хозяйская: изножье — шкаф,1280,При закрытых фасадах.
B2,home,Хозяйская: северная сторона кровати,1000,
B3,home,Хозяйская: южная сторона кровати,600,
B4,home,Спальня 2: изножье — стена,900,
B5,home,Спальня 2: кровать — шкаф,420,420 мм между корпусами; открывание шкафа требует пересмотра.
B6,home,Спальня 2: южная сторона кровати,800,
G1,guest,Полоса между душем и северной стеной,840,
G2,guest,Перед раковиной до фронта WC,890,
G3,guest,Сбоку WC до колонны постирочной,375,
G4,guest,Сбоку WC до полотенцесушителя,315,
G5,guest,Перед душем до боковой грани WC,775,
G6,guest,От входной стены до раковины,600,
G7,guest,Перед колонной постирочной,1190,
G8,guest,Раковина — начало угловой кабины,900,Между продольными проекциями; не ширина основного прохода.
M1_east_shower_glass_to_WC_body,master,Душ — корпус WC,1050,Номинальные корпуса до отделки
M2_basin_front_to_south_wall,master,Раковина — южная стена,1070,Номинальные корпуса до отделки
M3_joinery_south_to_WC_north,master,Тумба — корпус WC,385,Номинальные корпуса до отделки
M4_WC_south_to_south_wall,master,WC — южная стена,315,Номинальные корпуса до отделки
